{
    "Name":  "AZ-GOV-ICE-VIDEO-INDEXER-CREATION ROLE",
    "Id": "4c628845-b1e7-4874-bc79-f6c26bd49e24",
    "Description":  "Video Indexer create permission. Apply this ephemerally for the creation and remove as it give the assigned Subscription-level rights",
    "AssignableScopes":  [
        "/subscriptions/3b0a673a-0dce-48c8-ae88-a276cce3c5e9"
    ],

    "Actions":  [
                    "Microsoft.Resources/subscriptions/resourceGroups/write"
                ],
    "NotActions":  [
                       "Microsoft.Billing/*/read",
                       "Microsoft.Consumption/*",
                       "Microsoft.CostManagement/*",
                       "Microsoft.Support/*"
                   ],
    "DataActions":  [

                    ],
    "NotDataActions":  [

                       ]
}
