{
  "Name": "AZ-GOV-ICE-VIRTUAL-DESKTOP-OPERATOR-ROLE-1",
  "Id": "4f61d575-34a5-4783-ad73-5d09717b0cb0",
  "IsCustom": true,
  "Description": "Contributor of Desktop Virtualization.",
  "Actions": [
    "Microsoft.DesktopVirtualization/*",
    "Microsoft.Resources/subscriptions/resourceGroups/read",
    "Microsoft.Resources/deployments/*",
    "Microsoft.Authorization/*/read",
    "Microsoft.Insights/alertRules/*"
  ],
  "NotActions": [
    "Microsoft.Billing/*/read",
    "Microsoft.Consumption/*",
    "Microsoft.CostManagement/*",
    "Microsoft.Support/*"
  ],
  "DataActions": [],
  "NotDataActions": [],
  "AssignableScopes": [
    "/subscriptions/3b0a673a-0dce-48c8-ae88-a276cce3c5e9",
    "/subscriptions/29370e93-f039-4eb3-b858-7b3467603fc4",
    "/subscriptions/ef74d5c1-8907-4c79-b7da-eb6ff067c595",
    "/subscriptions/d7d50c98-d5ef-47cf-bf1d-357da7594692",
    "/subscriptions/9ef1a393-95a9-4d0b-acc1-f51b67a68e90"
  ]
}
