{
    "Name": "AZ-GOV-ICE-MACHINE-LEARNING-ROLE-1",
    "Id": "122b00b7-6cc4-42da-8a77-ff6327b07c9d",
    "IsCustom": "True",
    "description": "Can perform all actions within an Azure Machine Learning workspace, including creating or deleting compute resources and modifying the workspace itself.",
    "AssignableScopes": [
        "/subscriptions/3b0a673a-0dce-48c8-ae88-a276cce3c5e9",
        "/subscriptions/29370e93-f039-4eb3-b858-7b3467603fc4",
        "/subscriptions/ef74d5c1-8907-4c79-b7da-eb6ff067c595",
        "/subscriptions/d7d50c98-d5ef-47cf-bf1d-357da7594692",
        "/subscriptions/9ef1a393-95a9-4d0b-acc1-f51b67a68e90"
    ],
    "actions": [
        "Microsoft.MachineLearningServices/workspaces/*/read",
        "Microsoft.MachineLearningServices/workspaces/*/action",
        "Microsoft.MachineLearningServices/workspaces/*/delete",
        "Microsoft.MachineLearningServices/workspaces/*/write",
        "Microsoft.MachineLearningServices/workspaces/write",
        "Microsoft.MachineLearningServices/workspaces/metrics/resource/write",
        "Microsoft.MachineLearningServices/workspaces/metrics/*/write",
        "Microsoft.MachineLearningServices/workspaces/delete",
        "Microsoft.MachineLearningServices/workspaces/computes/listKeys/action",
        "Microsoft.MachineLearningServices/workspaces/listKeys/action",
        "Microsoft.MachineLearningServices/workspaces/computes/*/write",
        "Microsoft.MachineLearningServices/workspaces/computes/*/delete",
        "Microsoft.MachineLearningServices/registries/read",
        "Microsoft.MachineLearningServices/registries/assets/*"
    ],
    "notActions": [],
    "dataActions": [],
    "notDataActions": []
}