[
  {
    "ResourceId": "/subscriptions/3b0a673a-0dce-48c8-ae88-a276cce3c5e9/resourceGroups/AZ-GOV-PRD-CMD-VA/providers/Microsoft.Sql/servers/a1iprsqlcmd001/databases/BHU",
    "Id": "/subscriptions/3b0a673a-0dce-48c8-ae88-a276cce3c5e9/resourceGroups/AZ-GOV-PRD-CMD-VA/providers/Microsoft.Sql/servers/a1iprsqlcmd001/databases/BHU",
    "Identity": null,
    "Kind": "v12.0,user,vcore",
    "Location": "usgovvirginia",
    "ManagedBy": null,
    "ResourceName": "a1iprsqlcmd001/BHU",
    "Name": "a1iprsqlcmd001/BHU",
    "ExtensionResourceName": null,
    "ParentResource": "servers/a1iprsqlcmd001",
    "Plan": null,
    "Properties": null,
    "ResourceGroupName": "AZ-GOV-PRD-CMD-VA",
    "Type": "Microsoft.Sql/servers/databases",
    "ResourceType": "Microsoft.Sql/servers/databases",
    "ExtensionResourceType": null,
    "Sku": {
      "Name": "GP_Gen5",
      "Tier": "GeneralPurpose",
      "Size": null,
      "Family": "Gen5",
      "Model": null,
      "Capacity": 2
    },
    "Tags": {
      "BillingCode": "",
      "Application": "",
      "ResourcePOC": "Gary.Caruso@ice.dhs.gov",
      "Portfolio": "ERO",
      "Environment": "PR",
      "FISMAID": "2bedetermined"
    },
    "TagsTable": "\r\nName         Value                  \r\n===========  =======================\r\nEnvironment  PR                     \r\nPortfolio    ERO                    \r\nFISMAID      2bedetermined          \r\nApplication                         \r\nResourcePOC  Gary.Caruso@ice.dhs.gov\r\nBillingCode                         \r\n",
    "SubscriptionId": "3b0a673a-0dce-48c8-ae88-a276cce3c5e9",
    "CreatedTime": null,
    "ChangedTime": null,
    "ETag": null
  },
  {
    "ResourceId": "/subscriptions/3b0a673a-0dce-48c8-ae88-a276cce3c5e9/resourceGroups/AZ-GOV-PRD-CMD-VA/providers/Microsoft.Sql/servers/a1iprsqlcmd001/databases/BHU_SN_STAGING",
    "Id": "/subscriptions/3b0a673a-0dce-48c8-ae88-a276cce3c5e9/resourceGroups/AZ-GOV-PRD-CMD-VA/providers/Microsoft.Sql/servers/a1iprsqlcmd001/databases/BHU_SN_STAGING",
    "Identity": null,
    "Kind": "v12.0,user",
    "Location": "usgovvirginia",
    "ManagedBy": null,
    "ResourceName": "a1iprsqlcmd001/BHU_SN_STAGING",
    "Name": "a1iprsqlcmd001/BHU_SN_STAGING",
    "ExtensionResourceName": null,
    "ParentResource": "servers/a1iprsqlcmd001",
    "Plan": null,
    "Properties": null,
    "ResourceGroupName": "AZ-GOV-PRD-CMD-VA",
    "Type": "Microsoft.Sql/servers/databases",
    "ResourceType": "Microsoft.Sql/servers/databases",
    "ExtensionResourceType": null,
    "Sku": {
      "Name": "Standard",
      "Tier": "Standard",
      "Size": null,
      "Family": null,
      "Model": null,
      "Capacity": 20
    },
    "Tags": {
      "BillingCode": "",
      "Application": "",
      "ResourcePOC": "Gary.Caruso@ice.dhs.gov",
      "Environment": "PR",
      "FISMAID": "2bedetermined",
      "Portfolio": "ERO"
    },
    "TagsTable": "\r\nName         Value                  \r\n===========  =======================\r\nEnvironment  PR                     \r\nPortfolio    ERO                    \r\nFISMAID      2bedetermined          \r\nApplication                         \r\nResourcePOC  Gary.Caruso@ice.dhs.gov\r\nBillingCode                         \r\n",
    "SubscriptionId": "3b0a673a-0dce-48c8-ae88-a276cce3c5e9",
    "CreatedTime": null,
    "ChangedTime": null,
    "ETag": null
  },
  {
    "ResourceId": "/subscriptions/3b0a673a-0dce-48c8-ae88-a276cce3c5e9/resourceGroups/AZ-GOV-PRD-CMD-VA/providers/Microsoft.Sql/servers/a1iprsqlcmd001/databases/DM_STAGING",
    "Id": "/subscriptions/3b0a673a-0dce-48c8-ae88-a276cce3c5e9/resourceGroups/AZ-GOV-PRD-CMD-VA/providers/Microsoft.Sql/servers/a1iprsqlcmd001/databases/DM_STAGING",
    "Identity": null,
    "Kind": "v12.0,user",
    "Location": "usgovvirginia",
    "ManagedBy": null,
    "ResourceName": "a1iprsqlcmd001/DM_STAGING",
    "Name": "a1iprsqlcmd001/DM_STAGING",
    "ExtensionResourceName": null,
    "ParentResource": "servers/a1iprsqlcmd001",
    "Plan": null,
    "Properties": null,
    "ResourceGroupName": "AZ-GOV-PRD-CMD-VA",
    "Type": "Microsoft.Sql/servers/databases",
    "ResourceType": "Microsoft.Sql/servers/databases",
    "ExtensionResourceType": null,
    "Sku": {
      "Name": "Standard",
      "Tier": "Standard",
      "Size": null,
      "Family": null,
      "Model": null,
      "Capacity": 20
    },
    "Tags": {
      "BillingCode": "",
      "Application": "",
      "ResourcePOC": "Gary.Caruso@ice.dhs.gov",
      "Environment": "PR",
      "FISMAID": "2bedetermined",
      "Portfolio": "ERO"
    },
    "TagsTable": "\r\nName         Value                  \r\n===========  =======================\r\nEnvironment  PR                     \r\nPortfolio    ERO                    \r\nFISMAID      2bedetermined          \r\nApplication                         \r\nResourcePOC  Gary.Caruso@ice.dhs.gov\r\nBillingCode                         \r\n",
    "SubscriptionId": "3b0a673a-0dce-48c8-ae88-a276cce3c5e9",
    "CreatedTime": null,
    "ChangedTime": null,
    "ETag": null
  },
  {
    "ResourceId": "/subscriptions/3b0a673a-0dce-48c8-ae88-a276cce3c5e9/resourceGroups/AZ-GOV-PRD-CMD-VA/providers/Microsoft.Sql/servers/a1iprsqlcmd001/databases/FPMS",
    "Id": "/subscriptions/3b0a673a-0dce-48c8-ae88-a276cce3c5e9/resourceGroups/AZ-GOV-PRD-CMD-VA/providers/Microsoft.Sql/servers/a1iprsqlcmd001/databases/FPMS",
    "Identity": null,
    "Kind": "v12.0,user,vcore",
    "Location": "usgovvirginia",
    "ManagedBy": null,
    "ResourceName": "a1iprsqlcmd001/FPMS",
    "Name": "a1iprsqlcmd001/FPMS",
    "ExtensionResourceName": null,
    "ParentResource": "servers/a1iprsqlcmd001",
    "Plan": null,
    "Properties": null,
    "ResourceGroupName": "AZ-GOV-PRD-CMD-VA",
    "Type": "Microsoft.Sql/servers/databases",
    "ResourceType": "Microsoft.Sql/servers/databases",
    "ExtensionResourceType": null,
    "Sku": {
      "Name": "GP_Gen5",
      "Tier": "GeneralPurpose",
      "Size": null,
      "Family": "Gen5",
      "Model": null,
      "Capacity": 2
    },
    "Tags": {
      "Application": "",
      "BillingCode": "",
      "Enviroment": "PR",
      "Portfolio": "ERO",
      "ResourcePOC": "Gary.Caruso@ice.dhs.gov",
      "Environment": "PR",
      "FISMAID": "2bedetermined"
    },
    "TagsTable": "\r\nName         Value                  \r\n===========  =======================\r\nEnvironment  PR                     \r\nPortfolio    ERO                    \r\nFISMAID      2bedetermined          \r\nApplication                         \r\nResourcePOC  Gary.Caruso@ice.dhs.gov\r\nBillingCode                         \r\nEnviroment   PR                     \r\n",
    "SubscriptionId": "3b0a673a-0dce-48c8-ae88-a276cce3c5e9",
    "CreatedTime": null,
    "ChangedTime": null,
    "ETag": null
  },
  {
    "ResourceId": "/subscriptions/3b0a673a-0dce-48c8-ae88-a276cce3c5e9/resourceGroups/AZ-GOV-PRD-CMD-VA/providers/Microsoft.Sql/servers/a1iprsqlcmd001/databases/FPMS_SN_STAGING",
    "Id": "/subscriptions/3b0a673a-0dce-48c8-ae88-a276cce3c5e9/resourceGroups/AZ-GOV-PRD-CMD-VA/providers/Microsoft.Sql/servers/a1iprsqlcmd001/databases/FPMS_SN_STAGING",
    "Identity": null,
    "Kind": "v12.0,user",
    "Location": "usgovvirginia",
    "ManagedBy": null,
    "ResourceName": "a1iprsqlcmd001/FPMS_SN_STAGING",
    "Name": "a1iprsqlcmd001/FPMS_SN_STAGING",
    "ExtensionResourceName": null,
    "ParentResource": "servers/a1iprsqlcmd001",
    "Plan": null,
    "Properties": null,
    "ResourceGroupName": "AZ-GOV-PRD-CMD-VA",
    "Type": "Microsoft.Sql/servers/databases",
    "ResourceType": "Microsoft.Sql/servers/databases",
    "ExtensionResourceType": null,
    "Sku": {
      "Name": "Standard",
      "Tier": "Standard",
      "Size": null,
      "Family": null,
      "Model": null,
      "Capacity": 20
    },
    "Tags": {
      "BillingCode": "",
      "Application": "",
      "ResourcePOC": "Gary.Caruso@ice.dhs.gov",
      "Environment": "PR",
      "FISMAID": "2bedetermined",
      "Portfolio": "ERO"
    },
    "TagsTable": "\r\nName         Value                  \r\n===========  =======================\r\nEnvironment  PR                     \r\nPortfolio    ERO                    \r\nFISMAID      2bedetermined          \r\nApplication                         \r\nResourcePOC  Gary.Caruso@ice.dhs.gov\r\nBillingCode                         \r\n",
    "SubscriptionId": "3b0a673a-0dce-48c8-ae88-a276cce3c5e9",
    "CreatedTime": null,
    "ChangedTime": null,
    "ETag": null
  },
  {
    "ResourceId": "/subscriptions/3b0a673a-0dce-48c8-ae88-a276cce3c5e9/resourceGroups/AZ-GOV-PRD-CMD-VA/providers/Microsoft.Sql/servers/a1iprsqlcmd001/databases/master",
    "Id": "/subscriptions/3b0a673a-0dce-48c8-ae88-a276cce3c5e9/resourceGroups/AZ-GOV-PRD-CMD-VA/providers/Microsoft.Sql/servers/a1iprsqlcmd001/databases/master",
    "Identity": null,
    "Kind": "v12.0,system",
    "Location": "usgovvirginia",
    "ManagedBy": "/subscriptions/3b0a673a-0dce-48c8-ae88-a276cce3c5e9/resourceGroups/AZ-GOV-PRD-CMD-VA/providers/Microsoft.Sql/servers/a1iprsqlcmd001",
    "ResourceName": "a1iprsqlcmd001/master",
    "Name": "a1iprsqlcmd001/master",
    "ExtensionResourceName": null,
    "ParentResource": "servers/a1iprsqlcmd001",
    "Plan": null,
    "Properties": null,
    "ResourceGroupName": "AZ-GOV-PRD-CMD-VA",
    "Type": "Microsoft.Sql/servers/databases",
    "ResourceType": "Microsoft.Sql/servers/databases",
    "ExtensionResourceType": null,
    "Sku": {
      "Name": "System",
      "Tier": "System",
      "Size": null,
      "Family": null,
      "Model": null,
      "Capacity": 0
    },
    "Tags": {
      "Application": "",
      "BillingCode": "",
      "ResourcePOC": "Gary.Caruso@ice.dhs.gov",
      "Portfolio": "ERO",
      "Environment": "PR",
      "FISMAID": "2bedetermined"
    },
    "TagsTable": "\r\nName         Value                  \r\n===========  =======================\r\nEnvironment  PR                     \r\nPortfolio    ERO                    \r\nFISMAID      2bedetermined          \r\nApplication                         \r\nResourcePOC  Gary.Caruso@ice.dhs.gov\r\nBillingCode                         \r\n",
    "SubscriptionId": "3b0a673a-0dce-48c8-ae88-a276cce3c5e9",
    "CreatedTime": null,
    "ChangedTime": null,
    "ETag": null
  },
  {
    "ResourceId": "/subscriptions/3b0a673a-0dce-48c8-ae88-a276cce3c5e9/resourceGroups/AZ-GOV-PRD-FUNCTIONS-VA/providers/Microsoft.Sql/servers/ocmsprod/databases/master",
    "Id": "/subscriptions/3b0a673a-0dce-48c8-ae88-a276cce3c5e9/resourceGroups/AZ-GOV-PRD-FUNCTIONS-VA/providers/Microsoft.Sql/servers/ocmsprod/databases/master",
    "Identity": null,
    "Kind": "v12.0,system",
    "Location": "usgovvirginia",
    "ManagedBy": "/subscriptions/3b0a673a-0dce-48c8-ae88-a276cce3c5e9/resourceGroups/AZ-GOV-PRD-FUNCTIONS-VA/providers/Microsoft.Sql/servers/ocmsprod",
    "ResourceName": "ocmsprod/master",
    "Name": "ocmsprod/master",
    "ExtensionResourceName": null,
    "ParentResource": "servers/ocmsprod",
    "Plan": null,
    "Properties": null,
    "ResourceGroupName": "AZ-GOV-PRD-FUNCTIONS-VA",
    "Type": "Microsoft.Sql/servers/databases",
    "ResourceType": "Microsoft.Sql/servers/databases",
    "ExtensionResourceType": null,
    "Sku": {
      "Name": "System",
      "Tier": "System",
      "Size": null,
      "Family": null,
      "Model": null,
      "Capacity": 0
    },
    "Tags": {
      "Application": "",
      "BillingCode": "",
      "ResourcePOC": "Richard.P.Inzunza@ice.dhs.gov",
      "Portfolio": "M&A",
      "Environment": "PR",
      "FISMAID": "ICE-07675-GSS-07675"
    },
    "TagsTable": "\r\nName         Value                        \r\n===========  =============================\r\nEnvironment  PR                           \r\nPortfolio    M&A                          \r\nFISMAID      ICE-07675-GSS-07675          \r\nApplication                               \r\nResourcePOC  Richard.P.Inzunza@ice.dhs.gov\r\nBillingCode                               \r\n",
    "SubscriptionId": "3b0a673a-0dce-48c8-ae88-a276cce3c5e9",
    "CreatedTime": null,
    "ChangedTime": null,
    "ETag": null
  },
  {
    "ResourceId": "/subscriptions/3b0a673a-0dce-48c8-ae88-a276cce3c5e9/resourceGroups/AZ-GOV-PRD-FUNCTIONS-VA/providers/Microsoft.Sql/servers/ocmsprod/databases/ProOCR",
    "Id": "/subscriptions/3b0a673a-0dce-48c8-ae88-a276cce3c5e9/resourceGroups/AZ-GOV-PRD-FUNCTIONS-VA/providers/Microsoft.Sql/servers/ocmsprod/databases/ProOCR",
    "Identity": null,
    "Kind": "v12.0,user",
    "Location": "usgovvirginia",
    "ManagedBy": null,
    "ResourceName": "ocmsprod/ProOCR",
    "Name": "ocmsprod/ProOCR",
    "ExtensionResourceName": null,
    "ParentResource": "servers/ocmsprod",
    "Plan": null,
    "Properties": null,
    "ResourceGroupName": "AZ-GOV-PRD-FUNCTIONS-VA",
    "Type": "Microsoft.Sql/servers/databases",
    "ResourceType": "Microsoft.Sql/servers/databases",
    "ExtensionResourceType": null,
    "Sku": {
      "Name": "Standard",
      "Tier": "Standard",
      "Size": null,
      "Family": null,
      "Model": null,
      "Capacity": 50
    },
    "Tags": {
      "Application": "",
      "BillingCode": "",
      "ResourcePOC": "Richard.P.Inzunza@ice.dhs.gov",
      "Portfolio": "M&A",
      "Environment": "PR",
      "FISMAID": "ICE-07675-GSS-07675"
    },
    "TagsTable": "\r\nName         Value                        \r\n===========  =============================\r\nEnvironment  PR                           \r\nPortfolio    M&A                          \r\nFISMAID      ICE-07675-GSS-07675          \r\nApplication                               \r\nResourcePOC  Richard.P.Inzunza@ice.dhs.gov\r\nBillingCode                               \r\n",
    "SubscriptionId": "3b0a673a-0dce-48c8-ae88-a276cce3c5e9",
    "CreatedTime": null,
    "ChangedTime": null,
    "ETag": null
  },
  {
    "ResourceId": "/subscriptions/3b0a673a-0dce-48c8-ae88-a276cce3c5e9/resourceGroups/AZ-GOV-PRD-HSI-SEVPAMS-DR-AZ/providers/Microsoft.Sql/servers/a1pprsqlsvp001dr/databases/master",
    "Id": "/subscriptions/3b0a673a-0dce-48c8-ae88-a276cce3c5e9/resourceGroups/AZ-GOV-PRD-HSI-SEVPAMS-DR-AZ/providers/Microsoft.Sql/servers/a1pprsqlsvp001dr/databases/master",
    "Identity": null,
    "Kind": "v12.0,system",
    "Location": "usgovarizona",
    "ManagedBy": "/subscriptions/3b0a673a-0dce-48c8-ae88-a276cce3c5e9/resourceGroups/AZ-GOV-PRD-HSI-SEVPAMS-DR-AZ/providers/Microsoft.Sql/servers/a1pprsqlsvp001dr",
    "ResourceName": "a1pprsqlsvp001dr/master",
    "Name": "a1pprsqlsvp001dr/master",
    "ExtensionResourceName": null,
    "ParentResource": "servers/a1pprsqlsvp001dr",
    "Plan": null,
    "Properties": null,
    "ResourceGroupName": "AZ-GOV-PRD-HSI-SEVPAMS-DR-AZ",
    "Type": "Microsoft.Sql/servers/databases",
    "ResourceType": "Microsoft.Sql/servers/databases",
    "ExtensionResourceType": null,
    "Sku": {
      "Name": "System",
      "Tier": "System",
      "Size": null,
      "Family": null,
      "Model": null,
      "Capacity": 0
    },
    "Tags": {
      "BillingCode": "",
      "ResourcePOC": "Ann.V.Balough@ice.dhs.gov",
      "Application": "",
      "Portfolio": "HSI",
      "Environment": "PR",
      "FISMAID": "ICE-06406-MAJ-06406"
    },
    "TagsTable": "\r\nName         Value                    \r\n===========  =========================\r\nEnvironment  PR                       \r\nPortfolio    HSI                      \r\nFISMAID      ICE-06406-MAJ-06406      \r\nApplication                           \r\nResourcePOC  Ann.V.Balough@ice.dhs.gov\r\nBillingCode                           \r\n",
    "SubscriptionId": "3b0a673a-0dce-48c8-ae88-a276cce3c5e9",
    "CreatedTime": null,
    "ChangedTime": null,
    "ETag": null
  },
  {
    "ResourceId": "/subscriptions/3b0a673a-0dce-48c8-ae88-a276cce3c5e9/resourceGroups/AZ-GOV-PRD-HSI-SEVPAMS-DR-AZ/providers/Microsoft.Sql/servers/a1pprsqlsvp001dr/databases/SEVPAMS_Reporting",
    "Id": "/subscriptions/3b0a673a-0dce-48c8-ae88-a276cce3c5e9/resourceGroups/AZ-GOV-PRD-HSI-SEVPAMS-DR-AZ/providers/Microsoft.Sql/servers/a1pprsqlsvp001dr/databases/SEVPAMS_Reporting",
    "Identity": null,
    "Kind": "v12.0,user",
    "Location": "usgovarizona",
    "ManagedBy": null,
    "ResourceName": "a1pprsqlsvp001dr/SEVPAMS_Reporting",
    "Name": "a1pprsqlsvp001dr/SEVPAMS_Reporting",
    "ExtensionResourceName": null,
    "ParentResource": "servers/a1pprsqlsvp001dr",
    "Plan": null,
    "Properties": null,
    "ResourceGroupName": "AZ-GOV-PRD-HSI-SEVPAMS-DR-AZ",
    "Type": "Microsoft.Sql/servers/databases",
    "ResourceType": "Microsoft.Sql/servers/databases",
    "ExtensionResourceType": null,
    "Sku": {
      "Name": "Standard",
      "Tier": "Standard",
      "Size": null,
      "Family": null,
      "Model": null,
      "Capacity": 10
    },
    "Tags": {
      "BillingCode": "",
      "ResourcePOC": "Ann.V.Balough@ice.dhs.gov",
      "Application": "",
      "Portfolio": "HSI",
      "Environment": "PR",
      "FISMAID": "ICE-06406-MAJ-06406"
    },
    "TagsTable": "\r\nName         Value                    \r\n===========  =========================\r\nEnvironment  PR                       \r\nPortfolio    HSI                      \r\nFISMAID      ICE-06406-MAJ-06406      \r\nApplication                           \r\nResourcePOC  Ann.V.Balough@ice.dhs.gov\r\nBillingCode                           \r\n",
    "SubscriptionId": "3b0a673a-0dce-48c8-ae88-a276cce3c5e9",
    "CreatedTime": null,
    "ChangedTime": null,
    "ETag": null
  },
  {
    "ResourceId": "/subscriptions/3b0a673a-0dce-48c8-ae88-a276cce3c5e9/resourceGroups/AZ-GOV-PRD-HSI-SEVPAMS-DR-AZ/providers/Microsoft.Sql/servers/a1pprsqlsvp001dr/databases/SEVPAMS_SD",
    "Id": "/subscriptions/3b0a673a-0dce-48c8-ae88-a276cce3c5e9/resourceGroups/AZ-GOV-PRD-HSI-SEVPAMS-DR-AZ/providers/Microsoft.Sql/servers/a1pprsqlsvp001dr/databases/SEVPAMS_SD",
    "Identity": null,
    "Kind": "v12.0,user",
    "Location": "usgovarizona",
    "ManagedBy": null,
    "ResourceName": "a1pprsqlsvp001dr/SEVPAMS_SD",
    "Name": "a1pprsqlsvp001dr/SEVPAMS_SD",
    "ExtensionResourceName": null,
    "ParentResource": "servers/a1pprsqlsvp001dr",
    "Plan": null,
    "Properties": null,
    "ResourceGroupName": "AZ-GOV-PRD-HSI-SEVPAMS-DR-AZ",
    "Type": "Microsoft.Sql/servers/databases",
    "ResourceType": "Microsoft.Sql/servers/databases",
    "ExtensionResourceType": null,
    "Sku": {
      "Name": "Standard",
      "Tier": "Standard",
      "Size": null,
      "Family": null,
      "Model": null,
      "Capacity": 10
    },
    "Tags": {
      "Application": "",
      "ResourcePOC": "Ann.V.Balough@ice.dhs.gov",
      "Environment": "PR",
      "Portfolio": "HSI",
      "BillingCode": "",
      "FISMAID": "ICE-06406-MAJ-06406"
    },
    "TagsTable": "\r\nName         Value                    \r\n===========  =========================\r\nEnvironment  PR                       \r\nPortfolio    HSI                      \r\nFISMAID      ICE-06406-MAJ-06406      \r\nApplication                           \r\nResourcePOC  Ann.V.Balough@ice.dhs.gov\r\nBillingCode                           \r\n",
    "SubscriptionId": "3b0a673a-0dce-48c8-ae88-a276cce3c5e9",
    "CreatedTime": null,
    "ChangedTime": null,
    "ETag": null
  },
  {
    "ResourceId": "/subscriptions/3b0a673a-0dce-48c8-ae88-a276cce3c5e9/resourceGroups/AZ-GOV-PRD-HSI-SEVPAMS-VA/providers/Microsoft.Sql/servers/a1pprsqlsvp001/databases/master",
    "Id": "/subscriptions/3b0a673a-0dce-48c8-ae88-a276cce3c5e9/resourceGroups/AZ-GOV-PRD-HSI-SEVPAMS-VA/providers/Microsoft.Sql/servers/a1pprsqlsvp001/databases/master",
    "Identity": null,
    "Kind": "v12.0,system",
    "Location": "usgovvirginia",
    "ManagedBy": "/subscriptions/3b0a673a-0dce-48c8-ae88-a276cce3c5e9/resourceGroups/AZ-GOV-PRD-HSI-SEVPAMS-VA/providers/Microsoft.Sql/servers/a1pprsqlsvp001",
    "ResourceName": "a1pprsqlsvp001/master",
    "Name": "a1pprsqlsvp001/master",
    "ExtensionResourceName": null,
    "ParentResource": "servers/a1pprsqlsvp001",
    "Plan": null,
    "Properties": null,
    "ResourceGroupName": "AZ-GOV-PRD-HSI-SEVPAMS-VA",
    "Type": "Microsoft.Sql/servers/databases",
    "ResourceType": "Microsoft.Sql/servers/databases",
    "ExtensionResourceType": null,
    "Sku": {
      "Name": "System",
      "Tier": "System",
      "Size": null,
      "Family": null,
      "Model": null,
      "Capacity": 0
    },
    "Tags": {
      "BillingCode": "",
      "ResourcePOC": "Ann.V.Balough@ice.dhs.gov",
      "Application": "",
      "Portfolio": "HSI",
      "Environment": "PR",
      "FISMAID": "ICE-06406-MAJ-06406"
    },
    "TagsTable": "\r\nName         Value                    \r\n===========  =========================\r\nEnvironment  PR                       \r\nPortfolio    HSI                      \r\nFISMAID      ICE-06406-MAJ-06406      \r\nApplication                           \r\nResourcePOC  Ann.V.Balough@ice.dhs.gov\r\nBillingCode                           \r\n",
    "SubscriptionId": "3b0a673a-0dce-48c8-ae88-a276cce3c5e9",
    "CreatedTime": null,
    "ChangedTime": null,
    "ETag": null
  },
  {
    "ResourceId": "/subscriptions/3b0a673a-0dce-48c8-ae88-a276cce3c5e9/resourceGroups/AZ-GOV-PRD-HSI-SEVPAMS-VA/providers/Microsoft.Sql/servers/a1pprsqlsvp001/databases/SEVPAMS_Reporting",
    "Id": "/subscriptions/3b0a673a-0dce-48c8-ae88-a276cce3c5e9/resourceGroups/AZ-GOV-PRD-HSI-SEVPAMS-VA/providers/Microsoft.Sql/servers/a1pprsqlsvp001/databases/SEVPAMS_Reporting",
    "Identity": null,
    "Kind": "v12.0,user",
    "Location": "usgovvirginia",
    "ManagedBy": null,
    "ResourceName": "a1pprsqlsvp001/SEVPAMS_Reporting",
    "Name": "a1pprsqlsvp001/SEVPAMS_Reporting",
    "ExtensionResourceName": null,
    "ParentResource": "servers/a1pprsqlsvp001",
    "Plan": null,
    "Properties": null,
    "ResourceGroupName": "AZ-GOV-PRD-HSI-SEVPAMS-VA",
    "Type": "Microsoft.Sql/servers/databases",
    "ResourceType": "Microsoft.Sql/servers/databases",
    "ExtensionResourceType": null,
    "Sku": {
      "Name": "Standard",
      "Tier": "Standard",
      "Size": null,
      "Family": null,
      "Model": null,
      "Capacity": 10
    },
    "Tags": {
      "Application": "",
      "BillingCode": "",
      "Environment": "PR",
      "Portfolio": "HSI",
      "ResourcePOC": "Ann.V.Balough@ice.dhs.gov",
      "FISMAID": "ICE-06406-MAJ-06406"
    },
    "TagsTable": "\r\nName         Value                    \r\n===========  =========================\r\nEnvironment  PR                       \r\nPortfolio    HSI                      \r\nFISMAID      ICE-06406-MAJ-06406      \r\nApplication                           \r\nResourcePOC  Ann.V.Balough@ice.dhs.gov\r\nBillingCode                           \r\n",
    "SubscriptionId": "3b0a673a-0dce-48c8-ae88-a276cce3c5e9",
    "CreatedTime": null,
    "ChangedTime": null,
    "ETag": null
  },
  {
    "ResourceId": "/subscriptions/3b0a673a-0dce-48c8-ae88-a276cce3c5e9/resourceGroups/AZ-GOV-PRD-HSI-SEVPAMS-VA/providers/Microsoft.Sql/servers/a1pprsqlsvp001/databases/SEVPAMS_SD",
    "Id": "/subscriptions/3b0a673a-0dce-48c8-ae88-a276cce3c5e9/resourceGroups/AZ-GOV-PRD-HSI-SEVPAMS-VA/providers/Microsoft.Sql/servers/a1pprsqlsvp001/databases/SEVPAMS_SD",
    "Identity": null,
    "Kind": "v12.0,user",
    "Location": "usgovvirginia",
    "ManagedBy": null,
    "ResourceName": "a1pprsqlsvp001/SEVPAMS_SD",
    "Name": "a1pprsqlsvp001/SEVPAMS_SD",
    "ExtensionResourceName": null,
    "ParentResource": "servers/a1pprsqlsvp001",
    "Plan": null,
    "Properties": null,
    "ResourceGroupName": "AZ-GOV-PRD-HSI-SEVPAMS-VA",
    "Type": "Microsoft.Sql/servers/databases",
    "ResourceType": "Microsoft.Sql/servers/databases",
    "ExtensionResourceType": null,
    "Sku": {
      "Name": "Standard",
      "Tier": "Standard",
      "Size": null,
      "Family": null,
      "Model": null,
      "Capacity": 10
    },
    "Tags": {
      "BillingCode": "",
      "ResourcePOC": "Ann.V.Balough@ice.dhs.gov",
      "Application": "",
      "Portfolio": "HSI",
      "Environment": "PR",
      "FISMAID": "ICE-06406-MAJ-06406"
    },
    "TagsTable": "\r\nName         Value                    \r\n===========  =========================\r\nEnvironment  PR                       \r\nPortfolio    HSI                      \r\nFISMAID      ICE-06406-MAJ-06406      \r\nApplication                           \r\nResourcePOC  Ann.V.Balough@ice.dhs.gov\r\nBillingCode                           \r\n",
    "SubscriptionId": "3b0a673a-0dce-48c8-ae88-a276cce3c5e9",
    "CreatedTime": null,
    "ChangedTime": null,
    "ETag": null
  },
  {
    "ResourceId": "/subscriptions/3b0a673a-0dce-48c8-ae88-a276cce3c5e9/resourceGroups/AZ-GOV-PRD-MAA-BES-VA/providers/Microsoft.Sql/servers/a1sprbessql001/databases/A1SPRBESSQL001",
    "Id": "/subscriptions/3b0a673a-0dce-48c8-ae88-a276cce3c5e9/resourceGroups/AZ-GOV-PRD-MAA-BES-VA/providers/Microsoft.Sql/servers/a1sprbessql001/databases/A1SPRBESSQL001",
    "Identity": null,
    "Kind": "v12.0,user",
    "Location": "usgovvirginia",
    "ManagedBy": null,
    "ResourceName": "a1sprbessql001/A1SPRBESSQL001",
    "Name": "a1sprbessql001/A1SPRBESSQL001",
    "ExtensionResourceName": null,
    "ParentResource": "servers/a1sprbessql001",
    "Plan": null,
    "Properties": null,
    "ResourceGroupName": "AZ-GOV-PRD-MAA-BES-VA",
    "Type": "Microsoft.Sql/servers/databases",
    "ResourceType": "Microsoft.Sql/servers/databases",
    "ExtensionResourceType": null,
    "Sku": {
      "Name": "Standard",
      "Tier": "Standard",
      "Size": null,
      "Family": null,
      "Model": null,
      "Capacity": 50
    },
    "Tags": {
      "Name": "A1SPRBESSQL001",
      "Application": "",
      "BillingCode": "",
      "Environment": "PROD",
      "Name ": "AZ-GOV-PRD-MAA-BES-VA ",
      "ResourcePOC": "Jerone.T.Moorer@ice.dhs.gov",
      "FISMAID": "ICE-07675-GSS-07675"
    },
    "TagsTable": "\r\nName         Value                      \r\n===========  ===========================\r\nEnvironment  PROD                       \r\nName         A1SPRBESSQL001             \r\nFISMAID      ICE-07675-GSS-07675        \r\nApplication                             \r\nResourcePOC  Jerone.T.Moorer@ice.dhs.gov\r\nBillingCode                             \r\nName         AZ-GOV-PRD-MAA-BES-VA      \r\n",
    "SubscriptionId": "3b0a673a-0dce-48c8-ae88-a276cce3c5e9",
    "CreatedTime": null,
    "ChangedTime": null,
    "ETag": null
  },
  {
    "ResourceId": "/subscriptions/3b0a673a-0dce-48c8-ae88-a276cce3c5e9/resourceGroups/AZ-GOV-PRD-MAA-BES-VA/providers/Microsoft.Sql/servers/a1sprbessql001/databases/master",
    "Id": "/subscriptions/3b0a673a-0dce-48c8-ae88-a276cce3c5e9/resourceGroups/AZ-GOV-PRD-MAA-BES-VA/providers/Microsoft.Sql/servers/a1sprbessql001/databases/master",
    "Identity": null,
    "Kind": "v12.0,system",
    "Location": "usgovvirginia",
    "ManagedBy": "/subscriptions/3b0a673a-0dce-48c8-ae88-a276cce3c5e9/resourceGroups/AZ-GOV-PRD-MAA-BES-VA/providers/Microsoft.Sql/servers/a1sprbessql001",
    "ResourceName": "a1sprbessql001/master",
    "Name": "a1sprbessql001/master",
    "ExtensionResourceName": null,
    "ParentResource": "servers/a1sprbessql001",
    "Plan": null,
    "Properties": null,
    "ResourceGroupName": "AZ-GOV-PRD-MAA-BES-VA",
    "Type": "Microsoft.Sql/servers/databases",
    "ResourceType": "Microsoft.Sql/servers/databases",
    "ExtensionResourceType": null,
    "Sku": {
      "Name": "System",
      "Tier": "System",
      "Size": null,
      "Family": null,
      "Model": null,
      "Capacity": 0
    },
    "Tags": {
      "BillingCode": "",
      "Environment": "PROD",
      "Application": "",
      "Name ": "AZ-GOV-PRD-MAA-BES-VA ",
      "ResourcePOC": "Jerone.T.Moorer@ice.dhs.gov",
      "FISMAID": "ICE-07675-GSS-07675"
    },
    "TagsTable": "\r\nName         Value                      \r\n===========  ===========================\r\nEnvironment  PROD                       \r\nFISMAID      ICE-07675-GSS-07675        \r\nApplication                             \r\nResourcePOC  Jerone.T.Moorer@ice.dhs.gov\r\nBillingCode                             \r\nName         AZ-GOV-PRD-MAA-BES-VA      \r\n",
    "SubscriptionId": "3b0a673a-0dce-48c8-ae88-a276cce3c5e9",
    "CreatedTime": null,
    "ChangedTime": null,
    "ETag": null
  },
  {
    "ResourceId": "/subscriptions/3b0a673a-0dce-48c8-ae88-a276cce3c5e9/resourceGroups/AZ-GOV-PRD-MAA-ERPA-VA/providers/Microsoft.Sql/servers/a1iprapperpasql001/databases/a1iprapperpasqldb002",
    "Id": "/subscriptions/3b0a673a-0dce-48c8-ae88-a276cce3c5e9/resourceGroups/AZ-GOV-PRD-MAA-ERPA-VA/providers/Microsoft.Sql/servers/a1iprapperpasql001/databases/a1iprapperpasqldb002",
    "Identity": null,
    "Kind": "v12.0,user,vcore",
    "Location": "usgovvirginia",
    "ManagedBy": null,
    "ResourceName": "a1iprapperpasql001/a1iprapperpasqldb002",
    "Name": "a1iprapperpasql001/a1iprapperpasqldb002",
    "ExtensionResourceName": null,
    "ParentResource": "servers/a1iprapperpasql001",
    "Plan": null,
    "Properties": null,
    "ResourceGroupName": "AZ-GOV-PRD-MAA-ERPA-VA",
    "Type": "Microsoft.Sql/servers/databases",
    "ResourceType": "Microsoft.Sql/servers/databases",
    "ExtensionResourceType": null,
    "Sku": {
      "Name": "GP_Gen5",
      "Tier": "GeneralPurpose",
      "Size": null,
      "Family": "Gen5",
      "Model": null,
      "Capacity": 4
    },
    "Tags": {
      "BillingPOC": "ray.sealey@ice.dhs.gov"
    },
    "TagsTable": "\r\nName        Value                 \r\n==========  ======================\r\nBillingPOC  ray.sealey@ice.dhs.gov\r\n",
    "SubscriptionId": "3b0a673a-0dce-48c8-ae88-a276cce3c5e9",
    "CreatedTime": null,
    "ChangedTime": null,
    "ETag": null
  },
  {
    "ResourceId": "/subscriptions/3b0a673a-0dce-48c8-ae88-a276cce3c5e9/resourceGroups/AZ-GOV-PRD-MAA-ERPA-VA/providers/Microsoft.Sql/servers/a1iprapperpasql001/databases/a1iprapperpasqldb003",
    "Id": "/subscriptions/3b0a673a-0dce-48c8-ae88-a276cce3c5e9/resourceGroups/AZ-GOV-PRD-MAA-ERPA-VA/providers/Microsoft.Sql/servers/a1iprapperpasql001/databases/a1iprapperpasqldb003",
    "Identity": null,
    "Kind": "v12.0,user,vcore",
    "Location": "usgovvirginia",
    "ManagedBy": null,
    "ResourceName": "a1iprapperpasql001/a1iprapperpasqldb003",
    "Name": "a1iprapperpasql001/a1iprapperpasqldb003",
    "ExtensionResourceName": null,
    "ParentResource": "servers/a1iprapperpasql001",
    "Plan": null,
    "Properties": null,
    "ResourceGroupName": "AZ-GOV-PRD-MAA-ERPA-VA",
    "Type": "Microsoft.Sql/servers/databases",
    "ResourceType": "Microsoft.Sql/servers/databases",
    "ExtensionResourceType": null,
    "Sku": {
      "Name": "GP_Gen5",
      "Tier": "GeneralPurpose",
      "Size": null,
      "Family": "Gen5",
      "Model": null,
      "Capacity": 2
    },
    "Tags": {
      "BillingPOC": "ray.sealey@ice.dhs.gov"
    },
    "TagsTable": "\r\nName        Value                 \r\n==========  ======================\r\nBillingPOC  ray.sealey@ice.dhs.gov\r\n",
    "SubscriptionId": "3b0a673a-0dce-48c8-ae88-a276cce3c5e9",
    "CreatedTime": null,
    "ChangedTime": null,
    "ETag": null
  },
  {
    "ResourceId": "/subscriptions/3b0a673a-0dce-48c8-ae88-a276cce3c5e9/resourceGroups/AZ-GOV-PRD-MAA-ERPA-VA/providers/Microsoft.Sql/servers/a1iprapperpasql001/databases/master",
    "Id": "/subscriptions/3b0a673a-0dce-48c8-ae88-a276cce3c5e9/resourceGroups/AZ-GOV-PRD-MAA-ERPA-VA/providers/Microsoft.Sql/servers/a1iprapperpasql001/databases/master",
    "Identity": null,
    "Kind": "v12.0,system",
    "Location": "usgovvirginia",
    "ManagedBy": "/subscriptions/3b0a673a-0dce-48c8-ae88-a276cce3c5e9/resourceGroups/AZ-GOV-PRD-MAA-ERPA-VA/providers/Microsoft.Sql/servers/a1iprapperpasql001",
    "ResourceName": "a1iprapperpasql001/master",
    "Name": "a1iprapperpasql001/master",
    "ExtensionResourceName": null,
    "ParentResource": "servers/a1iprapperpasql001",
    "Plan": null,
    "Properties": null,
    "ResourceGroupName": "AZ-GOV-PRD-MAA-ERPA-VA",
    "Type": "Microsoft.Sql/servers/databases",
    "ResourceType": "Microsoft.Sql/servers/databases",
    "ExtensionResourceType": null,
    "Sku": {
      "Name": "System",
      "Tier": "System",
      "Size": null,
      "Family": null,
      "Model": null,
      "Capacity": 0
    },
    "Tags": {
      "BillingPOC": "ray.sealey@ice.dhs.gov"
    },
    "TagsTable": "\r\nName        Value                 \r\n==========  ======================\r\nBillingPOC  ray.sealey@ice.dhs.gov\r\n",
    "SubscriptionId": "3b0a673a-0dce-48c8-ae88-a276cce3c5e9",
    "CreatedTime": null,
    "ChangedTime": null,
    "ETag": null
  },
  {
    "ResourceId": "/subscriptions/3b0a673a-0dce-48c8-ae88-a276cce3c5e9/resourceGroups/AZ-GOV-PRD-MAA-ERPA-VA/providers/Microsoft.Sql/servers/a1iprapperpasql001/databases/UiPathUpdateServer",
    "Id": "/subscriptions/3b0a673a-0dce-48c8-ae88-a276cce3c5e9/resourceGroups/AZ-GOV-PRD-MAA-ERPA-VA/providers/Microsoft.Sql/servers/a1iprapperpasql001/databases/UiPathUpdateServer",
    "Identity": null,
    "Kind": "v12.0,user,vcore",
    "Location": "usgovvirginia",
    "ManagedBy": null,
    "ResourceName": "a1iprapperpasql001/UiPathUpdateServer",
    "Name": "a1iprapperpasql001/UiPathUpdateServer",
    "ExtensionResourceName": null,
    "ParentResource": "servers/a1iprapperpasql001",
    "Plan": null,
    "Properties": null,
    "ResourceGroupName": "AZ-GOV-PRD-MAA-ERPA-VA",
    "Type": "Microsoft.Sql/servers/databases",
    "ResourceType": "Microsoft.Sql/servers/databases",
    "ExtensionResourceType": null,
    "Sku": {
      "Name": "GP_Gen5",
      "Tier": "GeneralPurpose",
      "Size": null,
      "Family": "Gen5",
      "Model": null,
      "Capacity": 2
    },
    "Tags": {
      "BillingPOC": "ray.sealey@ice.dhs.gov"
    },
    "TagsTable": "\r\nName        Value                 \r\n==========  ======================\r\nBillingPOC  ray.sealey@ice.dhs.gov\r\n",
    "SubscriptionId": "3b0a673a-0dce-48c8-ae88-a276cce3c5e9",
    "CreatedTime": null,
    "ChangedTime": null,
    "ETag": null
  },
  {
    "ResourceId": "/subscriptions/3b0a673a-0dce-48c8-ae88-a276cce3c5e9/resourceGroups/AZ-GOV-PRD-MAA-OCR-VA/providers/Microsoft.Sql/servers/ocrdwsqlserver/databases/master",
    "Id": "/subscriptions/3b0a673a-0dce-48c8-ae88-a276cce3c5e9/resourceGroups/AZ-GOV-PRD-MAA-OCR-VA/providers/Microsoft.Sql/servers/ocrdwsqlserver/databases/master",
    "Identity": null,
    "Kind": "v12.0,system",
    "Location": "usgovvirginia",
    "ManagedBy": "/subscriptions/3b0a673a-0dce-48c8-ae88-a276cce3c5e9/resourceGroups/AZ-GOV-PRD-MAA-OCR-VA/providers/Microsoft.Sql/servers/ocrdwsqlserver",
    "ResourceName": "ocrdwsqlserver/master",
    "Name": "ocrdwsqlserver/master",
    "ExtensionResourceName": null,
    "ParentResource": "servers/ocrdwsqlserver",
    "Plan": null,
    "Properties": null,
    "ResourceGroupName": "AZ-GOV-PRD-MAA-OCR-VA",
    "Type": "Microsoft.Sql/servers/databases",
    "ResourceType": "Microsoft.Sql/servers/databases",
    "ExtensionResourceType": null,
    "Sku": {
      "Name": "System",
      "Tier": "System",
      "Size": null,
      "Family": null,
      "Model": null,
      "Capacity": 0
    },
    "Tags": {
      "ITPM": "Manish.K.Sharma@ice.dhs.gov",
      "Program Office": "Office of Congresional Relations"
    },
    "TagsTable": "\r\nName            Value                           \r\n==============  ================================\r\nITPM            Manish.K.Sharma@ice.dhs.gov     \r\nProgram Office  Office of Congresional Relations\r\n",
    "SubscriptionId": "3b0a673a-0dce-48c8-ae88-a276cce3c5e9",
    "CreatedTime": null,
    "ChangedTime": null,
    "ETag": null
  },
  {
    "ResourceId": "/subscriptions/3b0a673a-0dce-48c8-ae88-a276cce3c5e9/resourceGroups/AZ-GOV-PRD-MAA-OCR-VA/providers/Microsoft.Sql/servers/ocrdwsqlserver/databases/ocrdatawarehouse",
    "Id": "/subscriptions/3b0a673a-0dce-48c8-ae88-a276cce3c5e9/resourceGroups/AZ-GOV-PRD-MAA-OCR-VA/providers/Microsoft.Sql/servers/ocrdwsqlserver/databases/ocrdatawarehouse",
    "Identity": null,
    "Kind": "v12.0,user,vcore,pool",
    "Location": "usgovvirginia",
    "ManagedBy": null,
    "ResourceName": "ocrdwsqlserver/ocrdatawarehouse",
    "Name": "ocrdwsqlserver/ocrdatawarehouse",
    "ExtensionResourceName": null,
    "ParentResource": "servers/ocrdwsqlserver",
    "Plan": null,
    "Properties": null,
    "ResourceGroupName": "AZ-GOV-PRD-MAA-OCR-VA",
    "Type": "Microsoft.Sql/servers/databases",
    "ResourceType": "Microsoft.Sql/servers/databases",
    "ExtensionResourceType": null,
    "Sku": {
      "Name": "ElasticPool",
      "Tier": "GeneralPurpose",
      "Size": null,
      "Family": null,
      "Model": null,
      "Capacity": 0
    },
    "Tags": {
      "Program Office": "Office of Congresional Relations",
      "ITPM": "Manish.K.Sharma@ice.dhs.gov"
    },
    "TagsTable": "\r\nName            Value                           \r\n==============  ================================\r\nProgram Office  Office of Congresional Relations\r\nITPM            Manish.K.Sharma@ice.dhs.gov     \r\n",
    "SubscriptionId": "3b0a673a-0dce-48c8-ae88-a276cce3c5e9",
    "CreatedTime": null,
    "ChangedTime": null,
    "ETag": null
  },
  {
    "ResourceId": "/subscriptions/3b0a673a-0dce-48c8-ae88-a276cce3c5e9/resourceGroups/AZ-GOV-PRD-MAA-OCR-VA/providers/Microsoft.Sql/servers/ocrdwsqlserver/databases/ocricattsync",
    "Id": "/subscriptions/3b0a673a-0dce-48c8-ae88-a276cce3c5e9/resourceGroups/AZ-GOV-PRD-MAA-OCR-VA/providers/Microsoft.Sql/servers/ocrdwsqlserver/databases/ocricattsync",
    "Identity": null,
    "Kind": "v12.0,user,vcore,pool",
    "Location": "usgovvirginia",
    "ManagedBy": null,
    "ResourceName": "ocrdwsqlserver/ocricattsync",
    "Name": "ocrdwsqlserver/ocricattsync",
    "ExtensionResourceName": null,
    "ParentResource": "servers/ocrdwsqlserver",
    "Plan": null,
    "Properties": null,
    "ResourceGroupName": "AZ-GOV-PRD-MAA-OCR-VA",
    "Type": "Microsoft.Sql/servers/databases",
    "ResourceType": "Microsoft.Sql/servers/databases",
    "ExtensionResourceType": null,
    "Sku": {
      "Name": "ElasticPool",
      "Tier": "GeneralPurpose",
      "Size": null,
      "Family": null,
      "Model": null,
      "Capacity": 0
    },
    "Tags": {
      "Program Office": "Office of Congresional Relations",
      "ITPM": "Manish.K.Sharma@ice.dhs.gov"
    },
    "TagsTable": "\r\nName            Value                           \r\n==============  ================================\r\nProgram Office  Office of Congresional Relations\r\nITPM            Manish.K.Sharma@ice.dhs.gov     \r\n",
    "SubscriptionId": "3b0a673a-0dce-48c8-ae88-a276cce3c5e9",
    "CreatedTime": null,
    "ChangedTime": null,
    "ETag": null
  },
  {
    "ResourceId": "/subscriptions/3b0a673a-0dce-48c8-ae88-a276cce3c5e9/resourceGroups/AZ-GOV-PRD-MAA-SPGSS-VA/providers/Microsoft.Sql/servers/a1pprsqlado004/databases/a1pprsqlado004",
    "Id": "/subscriptions/3b0a673a-0dce-48c8-ae88-a276cce3c5e9/resourceGroups/AZ-GOV-PRD-MAA-SPGSS-VA/providers/Microsoft.Sql/servers/a1pprsqlado004/databases/a1pprsqlado004",
    "Identity": null,
    "Kind": "v12.0,user,vcore",
    "Location": "usgovvirginia",
    "ManagedBy": null,
    "ResourceName": "a1pprsqlado004/a1pprsqlado004",
    "Name": "a1pprsqlado004/a1pprsqlado004",
    "ExtensionResourceName": null,
    "ParentResource": "servers/a1pprsqlado004",
    "Plan": null,
    "Properties": null,
    "ResourceGroupName": "AZ-GOV-PRD-MAA-SPGSS-VA",
    "Type": "Microsoft.Sql/servers/databases",
    "ResourceType": "Microsoft.Sql/servers/databases",
    "ExtensionResourceType": null,
    "Sku": {
      "Name": "GP_Gen5",
      "Tier": "GeneralPurpose",
      "Size": null,
      "Family": "Gen5",
      "Model": null,
      "Capacity": 2
    },
    "Tags": {
      "Application": "",
      "Environment": "PR",
      "BillingCode": "",
      "ResourcePOC": "Chris.Lee@ice.dhs.gov",
      "FISMAID": "ICE-07647-GSS-07647",
      "Portfolio": "M&A"
    },
    "TagsTable": "\r\nName         Value                \r\n===========  =====================\r\nEnvironment  PR                   \r\nPortfolio    M&A                  \r\nFISMAID      ICE-07647-GSS-07647  \r\nApplication                       \r\nResourcePOC  Chris.Lee@ice.dhs.gov\r\nBillingCode                       \r\n",
    "SubscriptionId": "3b0a673a-0dce-48c8-ae88-a276cce3c5e9",
    "CreatedTime": null,
    "ChangedTime": null,
    "ETag": null
  },
  {
    "ResourceId": "/subscriptions/3b0a673a-0dce-48c8-ae88-a276cce3c5e9/resourceGroups/AZ-GOV-PRD-MAA-SPGSS-VA/providers/Microsoft.Sql/servers/a1pprsqlado004/databases/master",
    "Id": "/subscriptions/3b0a673a-0dce-48c8-ae88-a276cce3c5e9/resourceGroups/AZ-GOV-PRD-MAA-SPGSS-VA/providers/Microsoft.Sql/servers/a1pprsqlado004/databases/master",
    "Identity": null,
    "Kind": "v12.0,system",
    "Location": "usgovvirginia",
    "ManagedBy": "/subscriptions/3b0a673a-0dce-48c8-ae88-a276cce3c5e9/resourceGroups/AZ-GOV-PRD-MAA-SPGSS-VA/providers/Microsoft.Sql/servers/a1pprsqlado004",
    "ResourceName": "a1pprsqlado004/master",
    "Name": "a1pprsqlado004/master",
    "ExtensionResourceName": null,
    "ParentResource": "servers/a1pprsqlado004",
    "Plan": null,
    "Properties": null,
    "ResourceGroupName": "AZ-GOV-PRD-MAA-SPGSS-VA",
    "Type": "Microsoft.Sql/servers/databases",
    "ResourceType": "Microsoft.Sql/servers/databases",
    "ExtensionResourceType": null,
    "Sku": {
      "Name": "System",
      "Tier": "System",
      "Size": null,
      "Family": null,
      "Model": null,
      "Capacity": 0
    },
    "Tags": {
      "Application": "",
      "Environment": "PR",
      "BillingCode": "",
      "ResourcePOC": "Chris.Lee@ice.dhs.gov",
      "FISMAID": "ICE-07647-GSS-07647",
      "Portfolio": "M&A"
    },
    "TagsTable": "\r\nName         Value                \r\n===========  =====================\r\nEnvironment  PR                   \r\nPortfolio    M&A                  \r\nFISMAID      ICE-07647-GSS-07647  \r\nApplication                       \r\nResourcePOC  Chris.Lee@ice.dhs.gov\r\nBillingCode                       \r\n",
    "SubscriptionId": "3b0a673a-0dce-48c8-ae88-a276cce3c5e9",
    "CreatedTime": null,
    "ChangedTime": null,
    "ETag": null
  },
  {
    "ResourceId": "/subscriptions/3b0a673a-0dce-48c8-ae88-a276cce3c5e9/resourceGroups/AZ-GOV-PRD-MAA-UMP-VA/providers/Microsoft.Sql/servers/a1iprwrsumpsql001/databases/AQForumIntegrations",
    "Id": "/subscriptions/3b0a673a-0dce-48c8-ae88-a276cce3c5e9/resourceGroups/AZ-GOV-PRD-MAA-UMP-VA/providers/Microsoft.Sql/servers/a1iprwrsumpsql001/databases/AQForumIntegrations",
    "Identity": null,
    "Kind": "v12.0,user,vcore",
    "Location": "usgovvirginia",
    "ManagedBy": null,
    "ResourceName": "a1iprwrsumpsql001/AQForumIntegrations",
    "Name": "a1iprwrsumpsql001/AQForumIntegrations",
    "ExtensionResourceName": null,
    "ParentResource": "servers/a1iprwrsumpsql001",
    "Plan": null,
    "Properties": null,
    "ResourceGroupName": "AZ-GOV-PRD-MAA-UMP-VA",
    "Type": "Microsoft.Sql/servers/databases",
    "ResourceType": "Microsoft.Sql/servers/databases",
    "ExtensionResourceType": null,
    "Sku": {
      "Name": "GP_Gen5",
      "Tier": "GeneralPurpose",
      "Size": null,
      "Family": "Gen5",
      "Model": null,
      "Capacity": 2
    },
    "Tags": {
      "Application": "UMP",
      "BillingCode": "201160WRS",
      "Environment": "PR",
      "FISMAID": "ICE-08292-MAJ-08292",
      "Portfolio": "OCFO "
    },
    "TagsTable": "\r\nName         Value              \r\n===========  ===================\r\nPortfolio    OCFO               \r\nEnvironment  PR                 \r\nApplication  UMP                \r\nFISMAID      ICE-08292-MAJ-08292\r\nBillingCode  201160WRS          \r\n",
    "SubscriptionId": "3b0a673a-0dce-48c8-ae88-a276cce3c5e9",
    "CreatedTime": null,
    "ChangedTime": null,
    "ETag": null
  },
  {
    "ResourceId": "/subscriptions/3b0a673a-0dce-48c8-ae88-a276cce3c5e9/resourceGroups/AZ-GOV-PRD-MAA-UMP-VA/providers/Microsoft.Sql/servers/a1iprwrsumpsql001/databases/master",
    "Id": "/subscriptions/3b0a673a-0dce-48c8-ae88-a276cce3c5e9/resourceGroups/AZ-GOV-PRD-MAA-UMP-VA/providers/Microsoft.Sql/servers/a1iprwrsumpsql001/databases/master",
    "Identity": null,
    "Kind": "v12.0,system",
    "Location": "usgovvirginia",
    "ManagedBy": "/subscriptions/3b0a673a-0dce-48c8-ae88-a276cce3c5e9/resourceGroups/AZ-GOV-PRD-MAA-UMP-VA/providers/Microsoft.Sql/servers/a1iprwrsumpsql001",
    "ResourceName": "a1iprwrsumpsql001/master",
    "Name": "a1iprwrsumpsql001/master",
    "ExtensionResourceName": null,
    "ParentResource": "servers/a1iprwrsumpsql001",
    "Plan": null,
    "Properties": null,
    "ResourceGroupName": "AZ-GOV-PRD-MAA-UMP-VA",
    "Type": "Microsoft.Sql/servers/databases",
    "ResourceType": "Microsoft.Sql/servers/databases",
    "ExtensionResourceType": null,
    "Sku": {
      "Name": "System",
      "Tier": "System",
      "Size": null,
      "Family": null,
      "Model": null,
      "Capacity": 0
    },
    "Tags": null,
    "TagsTable": null,
    "SubscriptionId": "3b0a673a-0dce-48c8-ae88-a276cce3c5e9",
    "CreatedTime": null,
    "ChangedTime": null,
    "ETag": null
  },
  {
    "ResourceId": "/subscriptions/3b0a673a-0dce-48c8-ae88-a276cce3c5e9/resourceGroups/AZ-GOV-PRD-MAA-UMP-VA/providers/Microsoft.Sql/servers/a1iprwrsumpsql001/databases/WRSPRSQL",
    "Id": "/subscriptions/3b0a673a-0dce-48c8-ae88-a276cce3c5e9/resourceGroups/AZ-GOV-PRD-MAA-UMP-VA/providers/Microsoft.Sql/servers/a1iprwrsumpsql001/databases/WRSPRSQL",
    "Identity": null,
    "Kind": "v12.0,user,vcore",
    "Location": "usgovvirginia",
    "ManagedBy": null,
    "ResourceName": "a1iprwrsumpsql001/WRSPRSQL",
    "Name": "a1iprwrsumpsql001/WRSPRSQL",
    "ExtensionResourceName": null,
    "ParentResource": "servers/a1iprwrsumpsql001",
    "Plan": null,
    "Properties": null,
    "ResourceGroupName": "AZ-GOV-PRD-MAA-UMP-VA",
    "Type": "Microsoft.Sql/servers/databases",
    "ResourceType": "Microsoft.Sql/servers/databases",
    "ExtensionResourceType": null,
    "Sku": {
      "Name": "GP_Gen5",
      "Tier": "GeneralPurpose",
      "Size": null,
      "Family": "Gen5",
      "Model": null,
      "Capacity": 2
    },
    "Tags": null,
    "TagsTable": null,
    "SubscriptionId": "3b0a673a-0dce-48c8-ae88-a276cce3c5e9",
    "CreatedTime": null,
    "ChangedTime": null,
    "ETag": null
  },
  {
    "ResourceId": "/subscriptions/3b0a673a-0dce-48c8-ae88-a276cce3c5e9/resourceGroups/AZ-GOV-PRD-MAA-WINFAX-VA/providers/Microsoft.Sql/servers/a1iprappefaxsrv001/databases/a1iprappefaxdb001",
    "Id": "/subscriptions/3b0a673a-0dce-48c8-ae88-a276cce3c5e9/resourceGroups/AZ-GOV-PRD-MAA-WINFAX-VA/providers/Microsoft.Sql/servers/a1iprappefaxsrv001/databases/a1iprappefaxdb001",
    "Identity": null,
    "Kind": "v12.0,user,vcore",
    "Location": "usgovvirginia",
    "ManagedBy": null,
    "ResourceName": "a1iprappefaxsrv001/a1iprappefaxdb001",
    "Name": "a1iprappefaxsrv001/a1iprappefaxdb001",
    "ExtensionResourceName": null,
    "ParentResource": "servers/a1iprappefaxsrv001",
    "Plan": null,
    "Properties": null,
    "ResourceGroupName": "AZ-GOV-PRD-MAA-WINFAX-VA",
    "Type": "Microsoft.Sql/servers/databases",
    "ResourceType": "Microsoft.Sql/servers/databases",
    "ExtensionResourceType": null,
    "Sku": {
      "Name": "GP_Gen5",
      "Tier": "GeneralPurpose",
      "Size": null,
      "Family": "Gen5",
      "Model": null,
      "Capacity": 2
    },
    "Tags": {
      "FISMAID": "2bedetermined",
      "ResourcePOC": "Matthew.Lester@ice.dhs.gov",
      "Application": "",
      "Environment": "PR",
      "BillingCode": "",
      "Portfolio": "M&A"
    },
    "TagsTable": "\r\nName         Value                     \r\n===========  ==========================\r\nEnvironment  PR                        \r\nPortfolio    M&A                       \r\nFISMAID      2bedetermined             \r\nApplication                            \r\nResourcePOC  Matthew.Lester@ice.dhs.gov\r\nBillingCode                            \r\n",
    "SubscriptionId": "3b0a673a-0dce-48c8-ae88-a276cce3c5e9",
    "CreatedTime": null,
    "ChangedTime": null,
    "ETag": null
  },
  {
    "ResourceId": "/subscriptions/3b0a673a-0dce-48c8-ae88-a276cce3c5e9/resourceGroups/AZ-GOV-PRD-MAA-WINFAX-VA/providers/Microsoft.Sql/servers/a1iprappefaxsrv001/databases/master",
    "Id": "/subscriptions/3b0a673a-0dce-48c8-ae88-a276cce3c5e9/resourceGroups/AZ-GOV-PRD-MAA-WINFAX-VA/providers/Microsoft.Sql/servers/a1iprappefaxsrv001/databases/master",
    "Identity": null,
    "Kind": "v12.0,system",
    "Location": "usgovvirginia",
    "ManagedBy": "/subscriptions/3b0a673a-0dce-48c8-ae88-a276cce3c5e9/resourceGroups/AZ-GOV-PRD-MAA-WINFAX-VA/providers/Microsoft.Sql/servers/a1iprappefaxsrv001",
    "ResourceName": "a1iprappefaxsrv001/master",
    "Name": "a1iprappefaxsrv001/master",
    "ExtensionResourceName": null,
    "ParentResource": "servers/a1iprappefaxsrv001",
    "Plan": null,
    "Properties": null,
    "ResourceGroupName": "AZ-GOV-PRD-MAA-WINFAX-VA",
    "Type": "Microsoft.Sql/servers/databases",
    "ResourceType": "Microsoft.Sql/servers/databases",
    "ExtensionResourceType": null,
    "Sku": {
      "Name": "System",
      "Tier": "System",
      "Size": null,
      "Family": null,
      "Model": null,
      "Capacity": 0
    },
    "Tags": {
      "FISMAID": "2bedetermined",
      "ResourcePOC": "Matthew.Lester@ice.dhs.gov",
      "Application": "",
      "Environment": "PR",
      "BillingCode": "",
      "Portfolio": "M&A"
    },
    "TagsTable": "\r\nName         Value                     \r\n===========  ==========================\r\nEnvironment  PR                        \r\nPortfolio    M&A                       \r\nFISMAID      2bedetermined             \r\nApplication                            \r\nResourcePOC  Matthew.Lester@ice.dhs.gov\r\nBillingCode                            \r\n",
    "SubscriptionId": "3b0a673a-0dce-48c8-ae88-a276cce3c5e9",
    "CreatedTime": null,
    "ChangedTime": null,
    "ETag": null
  },
  {
    "ResourceId": "/subscriptions/3b0a673a-0dce-48c8-ae88-a276cce3c5e9/resourceGroups/AZ-GOV-PRD-MAA-WINFAX-VA/providers/Microsoft.Sql/servers/a1pprwinfaxsql001/databases/A1PPRWINFAXDB",
    "Id": "/subscriptions/3b0a673a-0dce-48c8-ae88-a276cce3c5e9/resourceGroups/AZ-GOV-PRD-MAA-WINFAX-VA/providers/Microsoft.Sql/servers/a1pprwinfaxsql001/databases/A1PPRWINFAXDB",
    "Identity": null,
    "Kind": "v12.0,user,vcore",
    "Location": "usgovvirginia",
    "ManagedBy": null,
    "ResourceName": "a1pprwinfaxsql001/A1PPRWINFAXDB",
    "Name": "a1pprwinfaxsql001/A1PPRWINFAXDB",
    "ExtensionResourceName": null,
    "ParentResource": "servers/a1pprwinfaxsql001",
    "Plan": null,
    "Properties": null,
    "ResourceGroupName": "AZ-GOV-PRD-MAA-WINFAX-VA",
    "Type": "Microsoft.Sql/servers/databases",
    "ResourceType": "Microsoft.Sql/servers/databases",
    "ExtensionResourceType": null,
    "Sku": {
      "Name": "GP_Gen4",
      "Tier": "GeneralPurpose",
      "Size": null,
      "Family": "Gen4",
      "Model": null,
      "Capacity": 1
    },
    "Tags": {
      "Application": "",
      "BillingCode": "",
      "Environment": "PR",
      "FISMAID": "2bedetermined",
      "Name": "A1PPRWINFAXDB",
      "Portfolio": "M&A",
      "ResourcePOC": "Matthew.Lester@ice.dhs.gov"
    },
    "TagsTable": "\r\nName         Value                     \r\n===========  ==========================\r\nEnvironment  PR                        \r\nPortfolio    M&A                       \r\nName         A1PPRWINFAXDB             \r\nFISMAID      2bedetermined             \r\nApplication                            \r\nResourcePOC  Matthew.Lester@ice.dhs.gov\r\nBillingCode                            \r\n",
    "SubscriptionId": "3b0a673a-0dce-48c8-ae88-a276cce3c5e9",
    "CreatedTime": null,
    "ChangedTime": null,
    "ETag": null
  },
  {
    "ResourceId": "/subscriptions/3b0a673a-0dce-48c8-ae88-a276cce3c5e9/resourceGroups/AZ-GOV-PRD-MAA-WINFAX-VA/providers/Microsoft.Sql/servers/a1pprwinfaxsql001/databases/master",
    "Id": "/subscriptions/3b0a673a-0dce-48c8-ae88-a276cce3c5e9/resourceGroups/AZ-GOV-PRD-MAA-WINFAX-VA/providers/Microsoft.Sql/servers/a1pprwinfaxsql001/databases/master",
    "Identity": null,
    "Kind": "v12.0,system",
    "Location": "usgovvirginia",
    "ManagedBy": "/subscriptions/3b0a673a-0dce-48c8-ae88-a276cce3c5e9/resourceGroups/AZ-GOV-PRD-MAA-WINFAX-VA/providers/Microsoft.Sql/servers/a1pprwinfaxsql001",
    "ResourceName": "a1pprwinfaxsql001/master",
    "Name": "a1pprwinfaxsql001/master",
    "ExtensionResourceName": null,
    "ParentResource": "servers/a1pprwinfaxsql001",
    "Plan": null,
    "Properties": null,
    "ResourceGroupName": "AZ-GOV-PRD-MAA-WINFAX-VA",
    "Type": "Microsoft.Sql/servers/databases",
    "ResourceType": "Microsoft.Sql/servers/databases",
    "ExtensionResourceType": null,
    "Sku": {
      "Name": "System",
      "Tier": "System",
      "Size": null,
      "Family": null,
      "Model": null,
      "Capacity": 0
    },
    "Tags": {
      "BillingCode": "",
      "Portfolio": "M&A",
      "ResourcePOC": "Matthew.Lester@ice.dhs.gov",
      "Environment": "PR",
      "Application": "",
      "FISMAID": "2bedetermined"
    },
    "TagsTable": "\r\nName         Value                     \r\n===========  ==========================\r\nEnvironment  PR                        \r\nPortfolio    M&A                       \r\nFISMAID      2bedetermined             \r\nApplication                            \r\nResourcePOC  Matthew.Lester@ice.dhs.gov\r\nBillingCode                            \r\n",
    "SubscriptionId": "3b0a673a-0dce-48c8-ae88-a276cce3c5e9",
    "CreatedTime": null,
    "ChangedTime": null,
    "ETag": null
  },
  {
    "ResourceId": "/subscriptions/3b0a673a-0dce-48c8-ae88-a276cce3c5e9/resourceGroups/AZ-GOV-PROD-EHR-VA/providers/Microsoft.Sql/servers/a1pprsqlehr070/databases/master",
    "Id": "/subscriptions/3b0a673a-0dce-48c8-ae88-a276cce3c5e9/resourceGroups/AZ-GOV-PROD-EHR-VA/providers/Microsoft.Sql/servers/a1pprsqlehr070/databases/master",
    "Identity": null,
    "Kind": "v12.0,system",
    "Location": "usgovvirginia",
    "ManagedBy": "/subscriptions/3b0a673a-0dce-48c8-ae88-a276cce3c5e9/resourceGroups/AZ-GOV-PROD-EHR-VA/providers/Microsoft.Sql/servers/a1pprsqlehr070",
    "ResourceName": "a1pprsqlehr070/master",
    "Name": "a1pprsqlehr070/master",
    "ExtensionResourceName": null,
    "ParentResource": "servers/a1pprsqlehr070",
    "Plan": null,
    "Properties": null,
    "ResourceGroupName": "AZ-GOV-PROD-EHR-VA",
    "Type": "Microsoft.Sql/servers/databases",
    "ResourceType": "Microsoft.Sql/servers/databases",
    "ExtensionResourceType": null,
    "Sku": {
      "Name": "System",
      "Tier": "System",
      "Size": null,
      "Family": null,
      "Model": null,
      "Capacity": 0
    },
    "Tags": {
      "FISMAID": "ICE-05244-MAJ-05244",
      "BillingPOC": "Stephanie.Maynor@ice.dhs.gov",
      "ResourcePOC": "Stephanie.Maynor@ice.dhs.gov",
      "Application": "",
      "Environment": "PR",
      "BillingCode": "",
      "Portfolio": "ERO"
    },
    "TagsTable": "\r\nName         Value                       \r\n===========  ============================\r\nEnvironment  PR                          \r\nPortfolio    ERO                         \r\nBillingCode                              \r\nBillingPOC   Stephanie.Maynor@ice.dhs.gov\r\nApplication                              \r\nResourcePOC  Stephanie.Maynor@ice.dhs.gov\r\nFISMAID      ICE-05244-MAJ-05244         \r\n",
    "SubscriptionId": "3b0a673a-0dce-48c8-ae88-a276cce3c5e9",
    "CreatedTime": null,
    "ChangedTime": null,
    "ETag": null
  },
  {
    "ResourceId": "/subscriptions/3b0a673a-0dce-48c8-ae88-a276cce3c5e9/resourceGroups/AZ-GOV-PROD-EHR-VA/providers/Microsoft.Sql/servers/a1pprsqlehr070/databases/SQL_RDDB_CIPS41",
    "Id": "/subscriptions/3b0a673a-0dce-48c8-ae88-a276cce3c5e9/resourceGroups/AZ-GOV-PROD-EHR-VA/providers/Microsoft.Sql/servers/a1pprsqlehr070/databases/SQL_RDDB_CIPS41",
    "Identity": null,
    "Kind": "v12.0,user,vcore",
    "Location": "usgovvirginia",
    "ManagedBy": null,
    "ResourceName": "a1pprsqlehr070/SQL_RDDB_CIPS41",
    "Name": "a1pprsqlehr070/SQL_RDDB_CIPS41",
    "ExtensionResourceName": null,
    "ParentResource": "servers/a1pprsqlehr070",
    "Plan": null,
    "Properties": null,
    "ResourceGroupName": "AZ-GOV-PROD-EHR-VA",
    "Type": "Microsoft.Sql/servers/databases",
    "ResourceType": "Microsoft.Sql/servers/databases",
    "ExtensionResourceType": null,
    "Sku": {
      "Name": "GP_Gen5",
      "Tier": "GeneralPurpose",
      "Size": null,
      "Family": "Gen5",
      "Model": null,
      "Capacity": 2
    },
    "Tags": {
      "FISMAID": "ICE-05244-MAJ-05244",
      "BillingPOC": "Stephanie.Maynor@ice.dhs.gov",
      "ResourcePOC": "Stephanie.Maynor@ice.dhs.gov",
      "Application": "",
      "Environment": "PR",
      "BillingCode": "",
      "Portfolio": "ERO"
    },
    "TagsTable": "\r\nName         Value                       \r\n===========  ============================\r\nEnvironment  PR                          \r\nPortfolio    ERO                         \r\nBillingCode                              \r\nBillingPOC   Stephanie.Maynor@ice.dhs.gov\r\nApplication                              \r\nResourcePOC  Stephanie.Maynor@ice.dhs.gov\r\nFISMAID      ICE-05244-MAJ-05244         \r\n",
    "SubscriptionId": "3b0a673a-0dce-48c8-ae88-a276cce3c5e9",
    "CreatedTime": null,
    "ChangedTime": null,
    "ETag": null
  },
  {
    "ResourceId": "/subscriptions/3b0a673a-0dce-48c8-ae88-a276cce3c5e9/resourceGroups/AZ-GOV-PROD-EHR-VA/providers/Microsoft.Sql/servers/a1pprsqlehr070/databases/SQL_RDDB_CIPS42",
    "Id": "/subscriptions/3b0a673a-0dce-48c8-ae88-a276cce3c5e9/resourceGroups/AZ-GOV-PROD-EHR-VA/providers/Microsoft.Sql/servers/a1pprsqlehr070/databases/SQL_RDDB_CIPS42",
    "Identity": null,
    "Kind": "v12.0,user,vcore",
    "Location": "usgovvirginia",
    "ManagedBy": null,
    "ResourceName": "a1pprsqlehr070/SQL_RDDB_CIPS42",
    "Name": "a1pprsqlehr070/SQL_RDDB_CIPS42",
    "ExtensionResourceName": null,
    "ParentResource": "servers/a1pprsqlehr070",
    "Plan": null,
    "Properties": null,
    "ResourceGroupName": "AZ-GOV-PROD-EHR-VA",
    "Type": "Microsoft.Sql/servers/databases",
    "ResourceType": "Microsoft.Sql/servers/databases",
    "ExtensionResourceType": null,
    "Sku": {
      "Name": "GP_Gen5",
      "Tier": "GeneralPurpose",
      "Size": null,
      "Family": "Gen5",
      "Model": null,
      "Capacity": 2
    },
    "Tags": {
      "FISMAID": "ICE-05244-MAJ-05244",
      "BillingPOC": "Stephanie.Maynor@ice.dhs.gov",
      "ResourcePOC": "Stephanie.Maynor@ice.dhs.gov",
      "Application": "",
      "Environment": "PR",
      "BillingCode": "",
      "Portfolio": "ERO"
    },
    "TagsTable": "\r\nName         Value                       \r\n===========  ============================\r\nEnvironment  PR                          \r\nPortfolio    ERO                         \r\nBillingCode                              \r\nBillingPOC   Stephanie.Maynor@ice.dhs.gov\r\nApplication                              \r\nResourcePOC  Stephanie.Maynor@ice.dhs.gov\r\nFISMAID      ICE-05244-MAJ-05244         \r\n",
    "SubscriptionId": "3b0a673a-0dce-48c8-ae88-a276cce3c5e9",
    "CreatedTime": null,
    "ChangedTime": null,
    "ETag": null
  },
  {
    "ResourceId": "/subscriptions/3b0a673a-0dce-48c8-ae88-a276cce3c5e9/resourceGroups/AZ-GOV-PROD-EHR-VA/providers/Microsoft.Sql/servers/a1pprsqlehr070/databases/SQL_RDDB_CT",
    "Id": "/subscriptions/3b0a673a-0dce-48c8-ae88-a276cce3c5e9/resourceGroups/AZ-GOV-PROD-EHR-VA/providers/Microsoft.Sql/servers/a1pprsqlehr070/databases/SQL_RDDB_CT",
    "Identity": null,
    "Kind": "v12.0,user,vcore",
    "Location": "usgovvirginia",
    "ManagedBy": null,
    "ResourceName": "a1pprsqlehr070/SQL_RDDB_CT",
    "Name": "a1pprsqlehr070/SQL_RDDB_CT",
    "ExtensionResourceName": null,
    "ParentResource": "servers/a1pprsqlehr070",
    "Plan": null,
    "Properties": null,
    "ResourceGroupName": "AZ-GOV-PROD-EHR-VA",
    "Type": "Microsoft.Sql/servers/databases",
    "ResourceType": "Microsoft.Sql/servers/databases",
    "ExtensionResourceType": null,
    "Sku": {
      "Name": "GP_Gen5",
      "Tier": "GeneralPurpose",
      "Size": null,
      "Family": "Gen5",
      "Model": null,
      "Capacity": 2
    },
    "Tags": {
      "Application": "",
      "BillingCode": "",
      "Environment": "PR",
      "FISMAID": "ICE-05244-MAJ-05244",
      "hostname": "A1PPRSQLEHR070",
      "Portfolio": "ERO",
      "ResourceType": "SQL Database",
      "ResourcePOC": "Stephanie.Maynor@ice.dhs.gov",
      "BillingPOC": "Stephanie.Maynor@ice.dhs.gov"
    },
    "TagsTable": "\r\nName          Value                       \r\n============  ============================\r\nEnvironment   PR                          \r\nPortfolio     ERO                         \r\nhostname      A1PPRSQLEHR070              \r\nBillingPOC    Stephanie.Maynor@ice.dhs.gov\r\nApplication                               \r\nResourcePOC   Stephanie.Maynor@ice.dhs.gov\r\nResourceType  SQL Database                \r\nBillingCode                               \r\nFISMAID       ICE-05244-MAJ-05244         \r\n",
    "SubscriptionId": "3b0a673a-0dce-48c8-ae88-a276cce3c5e9",
    "CreatedTime": null,
    "ChangedTime": null,
    "ETag": null
  },
  {
    "ResourceId": "/subscriptions/3b0a673a-0dce-48c8-ae88-a276cce3c5e9/resourceGroups/AZ-GOV-PROD-PCMS-VA/providers/Microsoft.Sql/servers/a1pprpcmssql001/databases/A1PPRPCMSDB",
    "Id": "/subscriptions/3b0a673a-0dce-48c8-ae88-a276cce3c5e9/resourceGroups/AZ-GOV-PROD-PCMS-VA/providers/Microsoft.Sql/servers/a1pprpcmssql001/databases/A1PPRPCMSDB",
    "Identity": null,
    "Kind": "v12.0,user",
    "Location": "usgovvirginia",
    "ManagedBy": null,
    "ResourceName": "a1pprpcmssql001/A1PPRPCMSDB",
    "Name": "a1pprpcmssql001/A1PPRPCMSDB",
    "ExtensionResourceName": null,
    "ParentResource": "servers/a1pprpcmssql001",
    "Plan": null,
    "Properties": null,
    "ResourceGroupName": "AZ-GOV-PROD-PCMS-VA",
    "Type": "Microsoft.Sql/servers/databases",
    "ResourceType": "Microsoft.Sql/servers/databases",
    "ExtensionResourceType": null,
    "Sku": {
      "Name": "Standard",
      "Tier": "Standard",
      "Size": null,
      "Family": null,
      "Model": null,
      "Capacity": 10
    },
    "Tags": {
      "FISMAID": "ICE-07897-MAJ-07897",
      "BillingCode": "",
      "ResourceType": "SQL Database",
      "Environment": "PR",
      "Application": "",
      "ResourcePOC": "Chris.M.Shelton@ice.dhs.gov",
      "Portfolio": "M&A"
    },
    "TagsTable": "\r\nName          Value                      \r\n============  ===========================\r\nEnvironment   PR                         \r\nPortfolio     M&A                        \r\nFISMAID       ICE-07897-MAJ-07897        \r\nApplication                              \r\nResourcePOC   Chris.M.Shelton@ice.dhs.gov\r\nResourceType  SQL Database               \r\nBillingCode                              \r\n",
    "SubscriptionId": "3b0a673a-0dce-48c8-ae88-a276cce3c5e9",
    "CreatedTime": null,
    "ChangedTime": null,
    "ETag": null
  },
  {
    "ResourceId": "/subscriptions/3b0a673a-0dce-48c8-ae88-a276cce3c5e9/resourceGroups/AZ-GOV-PROD-PCMS-VA/providers/Microsoft.Sql/servers/a1pprpcmssql001/databases/master",
    "Id": "/subscriptions/3b0a673a-0dce-48c8-ae88-a276cce3c5e9/resourceGroups/AZ-GOV-PROD-PCMS-VA/providers/Microsoft.Sql/servers/a1pprpcmssql001/databases/master",
    "Identity": null,
    "Kind": "v12.0,system",
    "Location": "usgovvirginia",
    "ManagedBy": "/subscriptions/3b0a673a-0dce-48c8-ae88-a276cce3c5e9/resourceGroups/AZ-GOV-PROD-PCMS-VA/providers/Microsoft.Sql/servers/a1pprpcmssql001",
    "ResourceName": "a1pprpcmssql001/master",
    "Name": "a1pprpcmssql001/master",
    "ExtensionResourceName": null,
    "ParentResource": "servers/a1pprpcmssql001",
    "Plan": null,
    "Properties": null,
    "ResourceGroupName": "AZ-GOV-PROD-PCMS-VA",
    "Type": "Microsoft.Sql/servers/databases",
    "ResourceType": "Microsoft.Sql/servers/databases",
    "ExtensionResourceType": null,
    "Sku": {
      "Name": "System",
      "Tier": "System",
      "Size": null,
      "Family": null,
      "Model": null,
      "Capacity": 0
    },
    "Tags": {
      "Application": "",
      "BillingCode": "",
      "ResourcePOC": "Chris.M.Shelton@ice.dhs.gov",
      "Portfolio": "M&A",
      "Environment": "PR",
      "FISMAID": "ICE-07897-MAJ-07897"
    },
    "TagsTable": "\r\nName         Value                      \r\n===========  ===========================\r\nEnvironment  PR                         \r\nPortfolio    M&A                        \r\nFISMAID      ICE-07897-MAJ-07897        \r\nApplication                             \r\nResourcePOC  Chris.M.Shelton@ice.dhs.gov\r\nBillingCode                             \r\n",
    "SubscriptionId": "3b0a673a-0dce-48c8-ae88-a276cce3c5e9",
    "CreatedTime": null,
    "ChangedTime": null,
    "ETag": null
  }
]
