"ResourceId","Id","Identity","Kind","Location","ManagedBy","ResourceName","Name","ExtensionResourceName","ParentResource","Plan","Properties","ResourceGroupName","Type","ResourceType","ExtensionResourceType","Sku","Tags","TagsTable","SubscriptionId","CreatedTime","ChangedTime","ETag"
"/subscriptions/3b0a673a-0dce-48c8-ae88-a276cce3c5e9/resourceGroups/AZ-GOV-PRD-CMD-VA/providers/Microsoft.Sql/servers/a1iprsqlcmd001/databases/BHU","/subscriptions/3b0a673a-0dce-48c8-ae88-a276cce3c5e9/resourceGroups/AZ-GOV-PRD-CMD-VA/providers/Microsoft.Sql/servers/a1iprsqlcmd001/databases/BHU",,"v12.0,user,vcore","usgovvirginia",,"a1iprsqlcmd001/BHU","a1iprsqlcmd001/BHU",,"servers/a1iprsqlcmd001",,,"AZ-GOV-PRD-CMD-VA","Microsoft.Sql/servers/databases","Microsoft.Sql/servers/databases",,"Microsoft.Azure.Management.ResourceManager.Models.Sku","System.Collections.Generic.Dictionary`2[System.String,System.String]","
Name         Value                  
===========  =======================
Environment  PR                     
Portfolio    ERO                    
FISMAID      2bedetermined          
Application                         
ResourcePOC  Gary.Caruso@ice.dhs.gov
BillingCode                         
","3b0a673a-0dce-48c8-ae88-a276cce3c5e9",,,
"/subscriptions/3b0a673a-0dce-48c8-ae88-a276cce3c5e9/resourceGroups/AZ-GOV-PRD-CMD-VA/providers/Microsoft.Sql/servers/a1iprsqlcmd001/databases/BHU_SN_STAGING","/subscriptions/3b0a673a-0dce-48c8-ae88-a276cce3c5e9/resourceGroups/AZ-GOV-PRD-CMD-VA/providers/Microsoft.Sql/servers/a1iprsqlcmd001/databases/BHU_SN_STAGING",,"v12.0,user","usgovvirginia",,"a1iprsqlcmd001/BHU_SN_STAGING","a1iprsqlcmd001/BHU_SN_STAGING",,"servers/a1iprsqlcmd001",,,"AZ-GOV-PRD-CMD-VA","Microsoft.Sql/servers/databases","Microsoft.Sql/servers/databases",,"Microsoft.Azure.Management.ResourceManager.Models.Sku","System.Collections.Generic.Dictionary`2[System.String,System.String]","
Name         Value                  
===========  =======================
Environment  PR                     
Portfolio    ERO                    
FISMAID      2bedetermined          
Application                         
ResourcePOC  Gary.Caruso@ice.dhs.gov
BillingCode                         
","3b0a673a-0dce-48c8-ae88-a276cce3c5e9",,,
"/subscriptions/3b0a673a-0dce-48c8-ae88-a276cce3c5e9/resourceGroups/AZ-GOV-PRD-CMD-VA/providers/Microsoft.Sql/servers/a1iprsqlcmd001/databases/DM_STAGING","/subscriptions/3b0a673a-0dce-48c8-ae88-a276cce3c5e9/resourceGroups/AZ-GOV-PRD-CMD-VA/providers/Microsoft.Sql/servers/a1iprsqlcmd001/databases/DM_STAGING",,"v12.0,user","usgovvirginia",,"a1iprsqlcmd001/DM_STAGING","a1iprsqlcmd001/DM_STAGING",,"servers/a1iprsqlcmd001",,,"AZ-GOV-PRD-CMD-VA","Microsoft.Sql/servers/databases","Microsoft.Sql/servers/databases",,"Microsoft.Azure.Management.ResourceManager.Models.Sku","System.Collections.Generic.Dictionary`2[System.String,System.String]","
Name         Value                  
===========  =======================
Environment  PR                     
Portfolio    ERO                    
FISMAID      2bedetermined          
Application                         
ResourcePOC  Gary.Caruso@ice.dhs.gov
BillingCode                         
","3b0a673a-0dce-48c8-ae88-a276cce3c5e9",,,
"/subscriptions/3b0a673a-0dce-48c8-ae88-a276cce3c5e9/resourceGroups/AZ-GOV-PRD-CMD-VA/providers/Microsoft.Sql/servers/a1iprsqlcmd001/databases/FPMS","/subscriptions/3b0a673a-0dce-48c8-ae88-a276cce3c5e9/resourceGroups/AZ-GOV-PRD-CMD-VA/providers/Microsoft.Sql/servers/a1iprsqlcmd001/databases/FPMS",,"v12.0,user,vcore","usgovvirginia",,"a1iprsqlcmd001/FPMS","a1iprsqlcmd001/FPMS",,"servers/a1iprsqlcmd001",,,"AZ-GOV-PRD-CMD-VA","Microsoft.Sql/servers/databases","Microsoft.Sql/servers/databases",,"Microsoft.Azure.Management.ResourceManager.Models.Sku","System.Collections.Generic.Dictionary`2[System.String,System.String]","
Name         Value                  
===========  =======================
Environment  PR                     
Portfolio    ERO                    
FISMAID      2bedetermined          
Application                         
ResourcePOC  Gary.Caruso@ice.dhs.gov
BillingCode                         
Enviroment   PR                     
","3b0a673a-0dce-48c8-ae88-a276cce3c5e9",,,
"/subscriptions/3b0a673a-0dce-48c8-ae88-a276cce3c5e9/resourceGroups/AZ-GOV-PRD-CMD-VA/providers/Microsoft.Sql/servers/a1iprsqlcmd001/databases/FPMS_SN_STAGING","/subscriptions/3b0a673a-0dce-48c8-ae88-a276cce3c5e9/resourceGroups/AZ-GOV-PRD-CMD-VA/providers/Microsoft.Sql/servers/a1iprsqlcmd001/databases/FPMS_SN_STAGING",,"v12.0,user","usgovvirginia",,"a1iprsqlcmd001/FPMS_SN_STAGING","a1iprsqlcmd001/FPMS_SN_STAGING",,"servers/a1iprsqlcmd001",,,"AZ-GOV-PRD-CMD-VA","Microsoft.Sql/servers/databases","Microsoft.Sql/servers/databases",,"Microsoft.Azure.Management.ResourceManager.Models.Sku","System.Collections.Generic.Dictionary`2[System.String,System.String]","
Name         Value                  
===========  =======================
Environment  PR                     
Portfolio    ERO                    
FISMAID      2bedetermined          
Application                         
ResourcePOC  Gary.Caruso@ice.dhs.gov
BillingCode                         
","3b0a673a-0dce-48c8-ae88-a276cce3c5e9",,,
"/subscriptions/3b0a673a-0dce-48c8-ae88-a276cce3c5e9/resourceGroups/AZ-GOV-PRD-CMD-VA/providers/Microsoft.Sql/servers/a1iprsqlcmd001/databases/master","/subscriptions/3b0a673a-0dce-48c8-ae88-a276cce3c5e9/resourceGroups/AZ-GOV-PRD-CMD-VA/providers/Microsoft.Sql/servers/a1iprsqlcmd001/databases/master",,"v12.0,system","usgovvirginia","/subscriptions/3b0a673a-0dce-48c8-ae88-a276cce3c5e9/resourceGroups/AZ-GOV-PRD-CMD-VA/providers/Microsoft.Sql/servers/a1iprsqlcmd001","a1iprsqlcmd001/master","a1iprsqlcmd001/master",,"servers/a1iprsqlcmd001",,,"AZ-GOV-PRD-CMD-VA","Microsoft.Sql/servers/databases","Microsoft.Sql/servers/databases",,"Microsoft.Azure.Management.ResourceManager.Models.Sku","System.Collections.Generic.Dictionary`2[System.String,System.String]","
Name         Value                  
===========  =======================
Environment  PR                     
Portfolio    ERO                    
FISMAID      2bedetermined          
Application                         
ResourcePOC  Gary.Caruso@ice.dhs.gov
BillingCode                         
","3b0a673a-0dce-48c8-ae88-a276cce3c5e9",,,
"/subscriptions/3b0a673a-0dce-48c8-ae88-a276cce3c5e9/resourceGroups/AZ-GOV-PRD-FUNCTIONS-VA/providers/Microsoft.Sql/servers/ocmsprod/databases/master","/subscriptions/3b0a673a-0dce-48c8-ae88-a276cce3c5e9/resourceGroups/AZ-GOV-PRD-FUNCTIONS-VA/providers/Microsoft.Sql/servers/ocmsprod/databases/master",,"v12.0,system","usgovvirginia","/subscriptions/3b0a673a-0dce-48c8-ae88-a276cce3c5e9/resourceGroups/AZ-GOV-PRD-FUNCTIONS-VA/providers/Microsoft.Sql/servers/ocmsprod","ocmsprod/master","ocmsprod/master",,"servers/ocmsprod",,,"AZ-GOV-PRD-FUNCTIONS-VA","Microsoft.Sql/servers/databases","Microsoft.Sql/servers/databases",,"Microsoft.Azure.Management.ResourceManager.Models.Sku","System.Collections.Generic.Dictionary`2[System.String,System.String]","
Name         Value                        
===========  =============================
Environment  PR                           
Portfolio    M&A                          
FISMAID      ICE-07675-GSS-07675          
Application                               
ResourcePOC  Richard.P.Inzunza@ice.dhs.gov
BillingCode                               
","3b0a673a-0dce-48c8-ae88-a276cce3c5e9",,,
"/subscriptions/3b0a673a-0dce-48c8-ae88-a276cce3c5e9/resourceGroups/AZ-GOV-PRD-FUNCTIONS-VA/providers/Microsoft.Sql/servers/ocmsprod/databases/ProOCR","/subscriptions/3b0a673a-0dce-48c8-ae88-a276cce3c5e9/resourceGroups/AZ-GOV-PRD-FUNCTIONS-VA/providers/Microsoft.Sql/servers/ocmsprod/databases/ProOCR",,"v12.0,user","usgovvirginia",,"ocmsprod/ProOCR","ocmsprod/ProOCR",,"servers/ocmsprod",,,"AZ-GOV-PRD-FUNCTIONS-VA","Microsoft.Sql/servers/databases","Microsoft.Sql/servers/databases",,"Microsoft.Azure.Management.ResourceManager.Models.Sku","System.Collections.Generic.Dictionary`2[System.String,System.String]","
Name         Value                        
===========  =============================
Environment  PR                           
Portfolio    M&A                          
FISMAID      ICE-07675-GSS-07675          
Application                               
ResourcePOC  Richard.P.Inzunza@ice.dhs.gov
BillingCode                               
","3b0a673a-0dce-48c8-ae88-a276cce3c5e9",,,
"/subscriptions/3b0a673a-0dce-48c8-ae88-a276cce3c5e9/resourceGroups/AZ-GOV-PRD-HSI-SEVPAMS-DR-AZ/providers/Microsoft.Sql/servers/a1pprsqlsvp001dr/databases/master","/subscriptions/3b0a673a-0dce-48c8-ae88-a276cce3c5e9/resourceGroups/AZ-GOV-PRD-HSI-SEVPAMS-DR-AZ/providers/Microsoft.Sql/servers/a1pprsqlsvp001dr/databases/master",,"v12.0,system","usgovarizona","/subscriptions/3b0a673a-0dce-48c8-ae88-a276cce3c5e9/resourceGroups/AZ-GOV-PRD-HSI-SEVPAMS-DR-AZ/providers/Microsoft.Sql/servers/a1pprsqlsvp001dr","a1pprsqlsvp001dr/master","a1pprsqlsvp001dr/master",,"servers/a1pprsqlsvp001dr",,,"AZ-GOV-PRD-HSI-SEVPAMS-DR-AZ","Microsoft.Sql/servers/databases","Microsoft.Sql/servers/databases",,"Microsoft.Azure.Management.ResourceManager.Models.Sku","System.Collections.Generic.Dictionary`2[System.String,System.String]","
Name         Value                    
===========  =========================
Environment  PR                       
Portfolio    HSI                      
FISMAID      ICE-06406-MAJ-06406      
Application                           
ResourcePOC  Ann.V.Balough@ice.dhs.gov
BillingCode                           
","3b0a673a-0dce-48c8-ae88-a276cce3c5e9",,,
"/subscriptions/3b0a673a-0dce-48c8-ae88-a276cce3c5e9/resourceGroups/AZ-GOV-PRD-HSI-SEVPAMS-DR-AZ/providers/Microsoft.Sql/servers/a1pprsqlsvp001dr/databases/SEVPAMS_Reporting","/subscriptions/3b0a673a-0dce-48c8-ae88-a276cce3c5e9/resourceGroups/AZ-GOV-PRD-HSI-SEVPAMS-DR-AZ/providers/Microsoft.Sql/servers/a1pprsqlsvp001dr/databases/SEVPAMS_Reporting",,"v12.0,user","usgovarizona",,"a1pprsqlsvp001dr/SEVPAMS_Reporting","a1pprsqlsvp001dr/SEVPAMS_Reporting",,"servers/a1pprsqlsvp001dr",,,"AZ-GOV-PRD-HSI-SEVPAMS-DR-AZ","Microsoft.Sql/servers/databases","Microsoft.Sql/servers/databases",,"Microsoft.Azure.Management.ResourceManager.Models.Sku","System.Collections.Generic.Dictionary`2[System.String,System.String]","
Name         Value                    
===========  =========================
Environment  PR                       
Portfolio    HSI                      
FISMAID      ICE-06406-MAJ-06406      
Application                           
ResourcePOC  Ann.V.Balough@ice.dhs.gov
BillingCode                           
","3b0a673a-0dce-48c8-ae88-a276cce3c5e9",,,
"/subscriptions/3b0a673a-0dce-48c8-ae88-a276cce3c5e9/resourceGroups/AZ-GOV-PRD-HSI-SEVPAMS-DR-AZ/providers/Microsoft.Sql/servers/a1pprsqlsvp001dr/databases/SEVPAMS_SD","/subscriptions/3b0a673a-0dce-48c8-ae88-a276cce3c5e9/resourceGroups/AZ-GOV-PRD-HSI-SEVPAMS-DR-AZ/providers/Microsoft.Sql/servers/a1pprsqlsvp001dr/databases/SEVPAMS_SD",,"v12.0,user","usgovarizona",,"a1pprsqlsvp001dr/SEVPAMS_SD","a1pprsqlsvp001dr/SEVPAMS_SD",,"servers/a1pprsqlsvp001dr",,,"AZ-GOV-PRD-HSI-SEVPAMS-DR-AZ","Microsoft.Sql/servers/databases","Microsoft.Sql/servers/databases",,"Microsoft.Azure.Management.ResourceManager.Models.Sku","System.Collections.Generic.Dictionary`2[System.String,System.String]","
Name         Value                    
===========  =========================
Environment  PR                       
Portfolio    HSI                      
FISMAID      ICE-06406-MAJ-06406      
Application                           
ResourcePOC  Ann.V.Balough@ice.dhs.gov
BillingCode                           
","3b0a673a-0dce-48c8-ae88-a276cce3c5e9",,,
"/subscriptions/3b0a673a-0dce-48c8-ae88-a276cce3c5e9/resourceGroups/AZ-GOV-PRD-HSI-SEVPAMS-VA/providers/Microsoft.Sql/servers/a1pprsqlsvp001/databases/master","/subscriptions/3b0a673a-0dce-48c8-ae88-a276cce3c5e9/resourceGroups/AZ-GOV-PRD-HSI-SEVPAMS-VA/providers/Microsoft.Sql/servers/a1pprsqlsvp001/databases/master",,"v12.0,system","usgovvirginia","/subscriptions/3b0a673a-0dce-48c8-ae88-a276cce3c5e9/resourceGroups/AZ-GOV-PRD-HSI-SEVPAMS-VA/providers/Microsoft.Sql/servers/a1pprsqlsvp001","a1pprsqlsvp001/master","a1pprsqlsvp001/master",,"servers/a1pprsqlsvp001",,,"AZ-GOV-PRD-HSI-SEVPAMS-VA","Microsoft.Sql/servers/databases","Microsoft.Sql/servers/databases",,"Microsoft.Azure.Management.ResourceManager.Models.Sku","System.Collections.Generic.Dictionary`2[System.String,System.String]","
Name         Value                    
===========  =========================
Environment  PR                       
Portfolio    HSI                      
FISMAID      ICE-06406-MAJ-06406      
Application                           
ResourcePOC  Ann.V.Balough@ice.dhs.gov
BillingCode                           
","3b0a673a-0dce-48c8-ae88-a276cce3c5e9",,,
"/subscriptions/3b0a673a-0dce-48c8-ae88-a276cce3c5e9/resourceGroups/AZ-GOV-PRD-HSI-SEVPAMS-VA/providers/Microsoft.Sql/servers/a1pprsqlsvp001/databases/SEVPAMS_Reporting","/subscriptions/3b0a673a-0dce-48c8-ae88-a276cce3c5e9/resourceGroups/AZ-GOV-PRD-HSI-SEVPAMS-VA/providers/Microsoft.Sql/servers/a1pprsqlsvp001/databases/SEVPAMS_Reporting",,"v12.0,user","usgovvirginia",,"a1pprsqlsvp001/SEVPAMS_Reporting","a1pprsqlsvp001/SEVPAMS_Reporting",,"servers/a1pprsqlsvp001",,,"AZ-GOV-PRD-HSI-SEVPAMS-VA","Microsoft.Sql/servers/databases","Microsoft.Sql/servers/databases",,"Microsoft.Azure.Management.ResourceManager.Models.Sku","System.Collections.Generic.Dictionary`2[System.String,System.String]","
Name         Value                    
===========  =========================
Environment  PR                       
Portfolio    HSI                      
FISMAID      ICE-06406-MAJ-06406      
Application                           
ResourcePOC  Ann.V.Balough@ice.dhs.gov
BillingCode                           
","3b0a673a-0dce-48c8-ae88-a276cce3c5e9",,,
"/subscriptions/3b0a673a-0dce-48c8-ae88-a276cce3c5e9/resourceGroups/AZ-GOV-PRD-HSI-SEVPAMS-VA/providers/Microsoft.Sql/servers/a1pprsqlsvp001/databases/SEVPAMS_SD","/subscriptions/3b0a673a-0dce-48c8-ae88-a276cce3c5e9/resourceGroups/AZ-GOV-PRD-HSI-SEVPAMS-VA/providers/Microsoft.Sql/servers/a1pprsqlsvp001/databases/SEVPAMS_SD",,"v12.0,user","usgovvirginia",,"a1pprsqlsvp001/SEVPAMS_SD","a1pprsqlsvp001/SEVPAMS_SD",,"servers/a1pprsqlsvp001",,,"AZ-GOV-PRD-HSI-SEVPAMS-VA","Microsoft.Sql/servers/databases","Microsoft.Sql/servers/databases",,"Microsoft.Azure.Management.ResourceManager.Models.Sku","System.Collections.Generic.Dictionary`2[System.String,System.String]","
Name         Value                    
===========  =========================
Environment  PR                       
Portfolio    HSI                      
FISMAID      ICE-06406-MAJ-06406      
Application                           
ResourcePOC  Ann.V.Balough@ice.dhs.gov
BillingCode                           
","3b0a673a-0dce-48c8-ae88-a276cce3c5e9",,,
"/subscriptions/3b0a673a-0dce-48c8-ae88-a276cce3c5e9/resourceGroups/AZ-GOV-PRD-MAA-BES-VA/providers/Microsoft.Sql/servers/a1sprbessql001/databases/A1SPRBESSQL001","/subscriptions/3b0a673a-0dce-48c8-ae88-a276cce3c5e9/resourceGroups/AZ-GOV-PRD-MAA-BES-VA/providers/Microsoft.Sql/servers/a1sprbessql001/databases/A1SPRBESSQL001",,"v12.0,user","usgovvirginia",,"a1sprbessql001/A1SPRBESSQL001","a1sprbessql001/A1SPRBESSQL001",,"servers/a1sprbessql001",,,"AZ-GOV-PRD-MAA-BES-VA","Microsoft.Sql/servers/databases","Microsoft.Sql/servers/databases",,"Microsoft.Azure.Management.ResourceManager.Models.Sku","System.Collections.Generic.Dictionary`2[System.String,System.String]","
Name         Value                      
===========  ===========================
Environment  PROD                       
Name         A1SPRBESSQL001             
FISMAID      ICE-07675-GSS-07675        
Application                             
ResourcePOC  Jerone.T.Moorer@ice.dhs.gov
BillingCode                             
Name         AZ-GOV-PRD-MAA-BES-VA      
","3b0a673a-0dce-48c8-ae88-a276cce3c5e9",,,
"/subscriptions/3b0a673a-0dce-48c8-ae88-a276cce3c5e9/resourceGroups/AZ-GOV-PRD-MAA-BES-VA/providers/Microsoft.Sql/servers/a1sprbessql001/databases/master","/subscriptions/3b0a673a-0dce-48c8-ae88-a276cce3c5e9/resourceGroups/AZ-GOV-PRD-MAA-BES-VA/providers/Microsoft.Sql/servers/a1sprbessql001/databases/master",,"v12.0,system","usgovvirginia","/subscriptions/3b0a673a-0dce-48c8-ae88-a276cce3c5e9/resourceGroups/AZ-GOV-PRD-MAA-BES-VA/providers/Microsoft.Sql/servers/a1sprbessql001","a1sprbessql001/master","a1sprbessql001/master",,"servers/a1sprbessql001",,,"AZ-GOV-PRD-MAA-BES-VA","Microsoft.Sql/servers/databases","Microsoft.Sql/servers/databases",,"Microsoft.Azure.Management.ResourceManager.Models.Sku","System.Collections.Generic.Dictionary`2[System.String,System.String]","
Name         Value                      
===========  ===========================
Environment  PROD                       
FISMAID      ICE-07675-GSS-07675        
Application                             
ResourcePOC  Jerone.T.Moorer@ice.dhs.gov
BillingCode                             
Name         AZ-GOV-PRD-MAA-BES-VA      
","3b0a673a-0dce-48c8-ae88-a276cce3c5e9",,,
"/subscriptions/3b0a673a-0dce-48c8-ae88-a276cce3c5e9/resourceGroups/AZ-GOV-PRD-MAA-ERPA-VA/providers/Microsoft.Sql/servers/a1iprapperpasql001/databases/a1iprapperpasqldb002","/subscriptions/3b0a673a-0dce-48c8-ae88-a276cce3c5e9/resourceGroups/AZ-GOV-PRD-MAA-ERPA-VA/providers/Microsoft.Sql/servers/a1iprapperpasql001/databases/a1iprapperpasqldb002",,"v12.0,user,vcore","usgovvirginia",,"a1iprapperpasql001/a1iprapperpasqldb002","a1iprapperpasql001/a1iprapperpasqldb002",,"servers/a1iprapperpasql001",,,"AZ-GOV-PRD-MAA-ERPA-VA","Microsoft.Sql/servers/databases","Microsoft.Sql/servers/databases",,"Microsoft.Azure.Management.ResourceManager.Models.Sku","System.Collections.Generic.Dictionary`2[System.String,System.String]","
Name        Value                 
==========  ======================
BillingPOC  ray.sealey@ice.dhs.gov
","3b0a673a-0dce-48c8-ae88-a276cce3c5e9",,,
"/subscriptions/3b0a673a-0dce-48c8-ae88-a276cce3c5e9/resourceGroups/AZ-GOV-PRD-MAA-ERPA-VA/providers/Microsoft.Sql/servers/a1iprapperpasql001/databases/a1iprapperpasqldb003","/subscriptions/3b0a673a-0dce-48c8-ae88-a276cce3c5e9/resourceGroups/AZ-GOV-PRD-MAA-ERPA-VA/providers/Microsoft.Sql/servers/a1iprapperpasql001/databases/a1iprapperpasqldb003",,"v12.0,user,vcore","usgovvirginia",,"a1iprapperpasql001/a1iprapperpasqldb003","a1iprapperpasql001/a1iprapperpasqldb003",,"servers/a1iprapperpasql001",,,"AZ-GOV-PRD-MAA-ERPA-VA","Microsoft.Sql/servers/databases","Microsoft.Sql/servers/databases",,"Microsoft.Azure.Management.ResourceManager.Models.Sku","System.Collections.Generic.Dictionary`2[System.String,System.String]","
Name        Value                 
==========  ======================
BillingPOC  ray.sealey@ice.dhs.gov
","3b0a673a-0dce-48c8-ae88-a276cce3c5e9",,,
"/subscriptions/3b0a673a-0dce-48c8-ae88-a276cce3c5e9/resourceGroups/AZ-GOV-PRD-MAA-ERPA-VA/providers/Microsoft.Sql/servers/a1iprapperpasql001/databases/master","/subscriptions/3b0a673a-0dce-48c8-ae88-a276cce3c5e9/resourceGroups/AZ-GOV-PRD-MAA-ERPA-VA/providers/Microsoft.Sql/servers/a1iprapperpasql001/databases/master",,"v12.0,system","usgovvirginia","/subscriptions/3b0a673a-0dce-48c8-ae88-a276cce3c5e9/resourceGroups/AZ-GOV-PRD-MAA-ERPA-VA/providers/Microsoft.Sql/servers/a1iprapperpasql001","a1iprapperpasql001/master","a1iprapperpasql001/master",,"servers/a1iprapperpasql001",,,"AZ-GOV-PRD-MAA-ERPA-VA","Microsoft.Sql/servers/databases","Microsoft.Sql/servers/databases",,"Microsoft.Azure.Management.ResourceManager.Models.Sku","System.Collections.Generic.Dictionary`2[System.String,System.String]","
Name        Value                 
==========  ======================
BillingPOC  ray.sealey@ice.dhs.gov
","3b0a673a-0dce-48c8-ae88-a276cce3c5e9",,,
"/subscriptions/3b0a673a-0dce-48c8-ae88-a276cce3c5e9/resourceGroups/AZ-GOV-PRD-MAA-ERPA-VA/providers/Microsoft.Sql/servers/a1iprapperpasql001/databases/UiPathUpdateServer","/subscriptions/3b0a673a-0dce-48c8-ae88-a276cce3c5e9/resourceGroups/AZ-GOV-PRD-MAA-ERPA-VA/providers/Microsoft.Sql/servers/a1iprapperpasql001/databases/UiPathUpdateServer",,"v12.0,user,vcore","usgovvirginia",,"a1iprapperpasql001/UiPathUpdateServer","a1iprapperpasql001/UiPathUpdateServer",,"servers/a1iprapperpasql001",,,"AZ-GOV-PRD-MAA-ERPA-VA","Microsoft.Sql/servers/databases","Microsoft.Sql/servers/databases",,"Microsoft.Azure.Management.ResourceManager.Models.Sku","System.Collections.Generic.Dictionary`2[System.String,System.String]","
Name        Value                 
==========  ======================
BillingPOC  ray.sealey@ice.dhs.gov
","3b0a673a-0dce-48c8-ae88-a276cce3c5e9",,,
"/subscriptions/3b0a673a-0dce-48c8-ae88-a276cce3c5e9/resourceGroups/AZ-GOV-PRD-MAA-OCR-VA/providers/Microsoft.Sql/servers/ocrdwsqlserver/databases/master","/subscriptions/3b0a673a-0dce-48c8-ae88-a276cce3c5e9/resourceGroups/AZ-GOV-PRD-MAA-OCR-VA/providers/Microsoft.Sql/servers/ocrdwsqlserver/databases/master",,"v12.0,system","usgovvirginia","/subscriptions/3b0a673a-0dce-48c8-ae88-a276cce3c5e9/resourceGroups/AZ-GOV-PRD-MAA-OCR-VA/providers/Microsoft.Sql/servers/ocrdwsqlserver","ocrdwsqlserver/master","ocrdwsqlserver/master",,"servers/ocrdwsqlserver",,,"AZ-GOV-PRD-MAA-OCR-VA","Microsoft.Sql/servers/databases","Microsoft.Sql/servers/databases",,"Microsoft.Azure.Management.ResourceManager.Models.Sku","System.Collections.Generic.Dictionary`2[System.String,System.String]","
Name            Value                           
==============  ================================
ITPM            Manish.K.Sharma@ice.dhs.gov     
Program Office  Office of Congresional Relations
","3b0a673a-0dce-48c8-ae88-a276cce3c5e9",,,
"/subscriptions/3b0a673a-0dce-48c8-ae88-a276cce3c5e9/resourceGroups/AZ-GOV-PRD-MAA-OCR-VA/providers/Microsoft.Sql/servers/ocrdwsqlserver/databases/ocrdatawarehouse","/subscriptions/3b0a673a-0dce-48c8-ae88-a276cce3c5e9/resourceGroups/AZ-GOV-PRD-MAA-OCR-VA/providers/Microsoft.Sql/servers/ocrdwsqlserver/databases/ocrdatawarehouse",,"v12.0,user,vcore,pool","usgovvirginia",,"ocrdwsqlserver/ocrdatawarehouse","ocrdwsqlserver/ocrdatawarehouse",,"servers/ocrdwsqlserver",,,"AZ-GOV-PRD-MAA-OCR-VA","Microsoft.Sql/servers/databases","Microsoft.Sql/servers/databases",,"Microsoft.Azure.Management.ResourceManager.Models.Sku","System.Collections.Generic.Dictionary`2[System.String,System.String]","
Name            Value                           
==============  ================================
Program Office  Office of Congresional Relations
ITPM            Manish.K.Sharma@ice.dhs.gov     
","3b0a673a-0dce-48c8-ae88-a276cce3c5e9",,,
"/subscriptions/3b0a673a-0dce-48c8-ae88-a276cce3c5e9/resourceGroups/AZ-GOV-PRD-MAA-OCR-VA/providers/Microsoft.Sql/servers/ocrdwsqlserver/databases/ocricattsync","/subscriptions/3b0a673a-0dce-48c8-ae88-a276cce3c5e9/resourceGroups/AZ-GOV-PRD-MAA-OCR-VA/providers/Microsoft.Sql/servers/ocrdwsqlserver/databases/ocricattsync",,"v12.0,user,vcore,pool","usgovvirginia",,"ocrdwsqlserver/ocricattsync","ocrdwsqlserver/ocricattsync",,"servers/ocrdwsqlserver",,,"AZ-GOV-PRD-MAA-OCR-VA","Microsoft.Sql/servers/databases","Microsoft.Sql/servers/databases",,"Microsoft.Azure.Management.ResourceManager.Models.Sku","System.Collections.Generic.Dictionary`2[System.String,System.String]","
Name            Value                           
==============  ================================
Program Office  Office of Congresional Relations
ITPM            Manish.K.Sharma@ice.dhs.gov     
","3b0a673a-0dce-48c8-ae88-a276cce3c5e9",,,
"/subscriptions/3b0a673a-0dce-48c8-ae88-a276cce3c5e9/resourceGroups/AZ-GOV-PRD-MAA-SPGSS-VA/providers/Microsoft.Sql/servers/a1pprsqlado004/databases/a1pprsqlado004","/subscriptions/3b0a673a-0dce-48c8-ae88-a276cce3c5e9/resourceGroups/AZ-GOV-PRD-MAA-SPGSS-VA/providers/Microsoft.Sql/servers/a1pprsqlado004/databases/a1pprsqlado004",,"v12.0,user,vcore","usgovvirginia",,"a1pprsqlado004/a1pprsqlado004","a1pprsqlado004/a1pprsqlado004",,"servers/a1pprsqlado004",,,"AZ-GOV-PRD-MAA-SPGSS-VA","Microsoft.Sql/servers/databases","Microsoft.Sql/servers/databases",,"Microsoft.Azure.Management.ResourceManager.Models.Sku","System.Collections.Generic.Dictionary`2[System.String,System.String]","
Name         Value                
===========  =====================
Environment  PR                   
Portfolio    M&A                  
FISMAID      ICE-07647-GSS-07647  
Application                       
ResourcePOC  Chris.Lee@ice.dhs.gov
BillingCode                       
","3b0a673a-0dce-48c8-ae88-a276cce3c5e9",,,
"/subscriptions/3b0a673a-0dce-48c8-ae88-a276cce3c5e9/resourceGroups/AZ-GOV-PRD-MAA-SPGSS-VA/providers/Microsoft.Sql/servers/a1pprsqlado004/databases/master","/subscriptions/3b0a673a-0dce-48c8-ae88-a276cce3c5e9/resourceGroups/AZ-GOV-PRD-MAA-SPGSS-VA/providers/Microsoft.Sql/servers/a1pprsqlado004/databases/master",,"v12.0,system","usgovvirginia","/subscriptions/3b0a673a-0dce-48c8-ae88-a276cce3c5e9/resourceGroups/AZ-GOV-PRD-MAA-SPGSS-VA/providers/Microsoft.Sql/servers/a1pprsqlado004","a1pprsqlado004/master","a1pprsqlado004/master",,"servers/a1pprsqlado004",,,"AZ-GOV-PRD-MAA-SPGSS-VA","Microsoft.Sql/servers/databases","Microsoft.Sql/servers/databases",,"Microsoft.Azure.Management.ResourceManager.Models.Sku","System.Collections.Generic.Dictionary`2[System.String,System.String]","
Name         Value                
===========  =====================
Environment  PR                   
Portfolio    M&A                  
FISMAID      ICE-07647-GSS-07647  
Application                       
ResourcePOC  Chris.Lee@ice.dhs.gov
BillingCode                       
","3b0a673a-0dce-48c8-ae88-a276cce3c5e9",,,
"/subscriptions/3b0a673a-0dce-48c8-ae88-a276cce3c5e9/resourceGroups/AZ-GOV-PRD-MAA-UMP-VA/providers/Microsoft.Sql/servers/a1iprwrsumpsql001/databases/AQForumIntegrations","/subscriptions/3b0a673a-0dce-48c8-ae88-a276cce3c5e9/resourceGroups/AZ-GOV-PRD-MAA-UMP-VA/providers/Microsoft.Sql/servers/a1iprwrsumpsql001/databases/AQForumIntegrations",,"v12.0,user,vcore","usgovvirginia",,"a1iprwrsumpsql001/AQForumIntegrations","a1iprwrsumpsql001/AQForumIntegrations",,"servers/a1iprwrsumpsql001",,,"AZ-GOV-PRD-MAA-UMP-VA","Microsoft.Sql/servers/databases","Microsoft.Sql/servers/databases",,"Microsoft.Azure.Management.ResourceManager.Models.Sku","System.Collections.Generic.Dictionary`2[System.String,System.String]","
Name         Value              
===========  ===================
Portfolio    OCFO               
Environment  PR                 
Application  UMP                
FISMAID      ICE-08292-MAJ-08292
BillingCode  201160WRS          
","3b0a673a-0dce-48c8-ae88-a276cce3c5e9",,,
"/subscriptions/3b0a673a-0dce-48c8-ae88-a276cce3c5e9/resourceGroups/AZ-GOV-PRD-MAA-UMP-VA/providers/Microsoft.Sql/servers/a1iprwrsumpsql001/databases/master","/subscriptions/3b0a673a-0dce-48c8-ae88-a276cce3c5e9/resourceGroups/AZ-GOV-PRD-MAA-UMP-VA/providers/Microsoft.Sql/servers/a1iprwrsumpsql001/databases/master",,"v12.0,system","usgovvirginia","/subscriptions/3b0a673a-0dce-48c8-ae88-a276cce3c5e9/resourceGroups/AZ-GOV-PRD-MAA-UMP-VA/providers/Microsoft.Sql/servers/a1iprwrsumpsql001","a1iprwrsumpsql001/master","a1iprwrsumpsql001/master",,"servers/a1iprwrsumpsql001",,,"AZ-GOV-PRD-MAA-UMP-VA","Microsoft.Sql/servers/databases","Microsoft.Sql/servers/databases",,"Microsoft.Azure.Management.ResourceManager.Models.Sku",,,"3b0a673a-0dce-48c8-ae88-a276cce3c5e9",,,
"/subscriptions/3b0a673a-0dce-48c8-ae88-a276cce3c5e9/resourceGroups/AZ-GOV-PRD-MAA-UMP-VA/providers/Microsoft.Sql/servers/a1iprwrsumpsql001/databases/WRSPRSQL","/subscriptions/3b0a673a-0dce-48c8-ae88-a276cce3c5e9/resourceGroups/AZ-GOV-PRD-MAA-UMP-VA/providers/Microsoft.Sql/servers/a1iprwrsumpsql001/databases/WRSPRSQL",,"v12.0,user,vcore","usgovvirginia",,"a1iprwrsumpsql001/WRSPRSQL","a1iprwrsumpsql001/WRSPRSQL",,"servers/a1iprwrsumpsql001",,,"AZ-GOV-PRD-MAA-UMP-VA","Microsoft.Sql/servers/databases","Microsoft.Sql/servers/databases",,"Microsoft.Azure.Management.ResourceManager.Models.Sku",,,"3b0a673a-0dce-48c8-ae88-a276cce3c5e9",,,
"/subscriptions/3b0a673a-0dce-48c8-ae88-a276cce3c5e9/resourceGroups/AZ-GOV-PRD-MAA-WINFAX-VA/providers/Microsoft.Sql/servers/a1iprappefaxsrv001/databases/a1iprappefaxdb001","/subscriptions/3b0a673a-0dce-48c8-ae88-a276cce3c5e9/resourceGroups/AZ-GOV-PRD-MAA-WINFAX-VA/providers/Microsoft.Sql/servers/a1iprappefaxsrv001/databases/a1iprappefaxdb001",,"v12.0,user,vcore","usgovvirginia",,"a1iprappefaxsrv001/a1iprappefaxdb001","a1iprappefaxsrv001/a1iprappefaxdb001",,"servers/a1iprappefaxsrv001",,,"AZ-GOV-PRD-MAA-WINFAX-VA","Microsoft.Sql/servers/databases","Microsoft.Sql/servers/databases",,"Microsoft.Azure.Management.ResourceManager.Models.Sku","System.Collections.Generic.Dictionary`2[System.String,System.String]","
Name         Value                     
===========  ==========================
Environment  PR                        
Portfolio    M&A                       
FISMAID      2bedetermined             
Application                            
ResourcePOC  Matthew.Lester@ice.dhs.gov
BillingCode                            
","3b0a673a-0dce-48c8-ae88-a276cce3c5e9",,,
"/subscriptions/3b0a673a-0dce-48c8-ae88-a276cce3c5e9/resourceGroups/AZ-GOV-PRD-MAA-WINFAX-VA/providers/Microsoft.Sql/servers/a1iprappefaxsrv001/databases/master","/subscriptions/3b0a673a-0dce-48c8-ae88-a276cce3c5e9/resourceGroups/AZ-GOV-PRD-MAA-WINFAX-VA/providers/Microsoft.Sql/servers/a1iprappefaxsrv001/databases/master",,"v12.0,system","usgovvirginia","/subscriptions/3b0a673a-0dce-48c8-ae88-a276cce3c5e9/resourceGroups/AZ-GOV-PRD-MAA-WINFAX-VA/providers/Microsoft.Sql/servers/a1iprappefaxsrv001","a1iprappefaxsrv001/master","a1iprappefaxsrv001/master",,"servers/a1iprappefaxsrv001",,,"AZ-GOV-PRD-MAA-WINFAX-VA","Microsoft.Sql/servers/databases","Microsoft.Sql/servers/databases",,"Microsoft.Azure.Management.ResourceManager.Models.Sku","System.Collections.Generic.Dictionary`2[System.String,System.String]","
Name         Value                     
===========  ==========================
Environment  PR                        
Portfolio    M&A                       
FISMAID      2bedetermined             
Application                            
ResourcePOC  Matthew.Lester@ice.dhs.gov
BillingCode                            
","3b0a673a-0dce-48c8-ae88-a276cce3c5e9",,,
"/subscriptions/3b0a673a-0dce-48c8-ae88-a276cce3c5e9/resourceGroups/AZ-GOV-PRD-MAA-WINFAX-VA/providers/Microsoft.Sql/servers/a1pprwinfaxsql001/databases/A1PPRWINFAXDB","/subscriptions/3b0a673a-0dce-48c8-ae88-a276cce3c5e9/resourceGroups/AZ-GOV-PRD-MAA-WINFAX-VA/providers/Microsoft.Sql/servers/a1pprwinfaxsql001/databases/A1PPRWINFAXDB",,"v12.0,user,vcore","usgovvirginia",,"a1pprwinfaxsql001/A1PPRWINFAXDB","a1pprwinfaxsql001/A1PPRWINFAXDB",,"servers/a1pprwinfaxsql001",,,"AZ-GOV-PRD-MAA-WINFAX-VA","Microsoft.Sql/servers/databases","Microsoft.Sql/servers/databases",,"Microsoft.Azure.Management.ResourceManager.Models.Sku","System.Collections.Generic.Dictionary`2[System.String,System.String]","
Name         Value                     
===========  ==========================
Environment  PR                        
Portfolio    M&A                       
Name         A1PPRWINFAXDB             
FISMAID      2bedetermined             
Application                            
ResourcePOC  Matthew.Lester@ice.dhs.gov
BillingCode                            
","3b0a673a-0dce-48c8-ae88-a276cce3c5e9",,,
"/subscriptions/3b0a673a-0dce-48c8-ae88-a276cce3c5e9/resourceGroups/AZ-GOV-PRD-MAA-WINFAX-VA/providers/Microsoft.Sql/servers/a1pprwinfaxsql001/databases/master","/subscriptions/3b0a673a-0dce-48c8-ae88-a276cce3c5e9/resourceGroups/AZ-GOV-PRD-MAA-WINFAX-VA/providers/Microsoft.Sql/servers/a1pprwinfaxsql001/databases/master",,"v12.0,system","usgovvirginia","/subscriptions/3b0a673a-0dce-48c8-ae88-a276cce3c5e9/resourceGroups/AZ-GOV-PRD-MAA-WINFAX-VA/providers/Microsoft.Sql/servers/a1pprwinfaxsql001","a1pprwinfaxsql001/master","a1pprwinfaxsql001/master",,"servers/a1pprwinfaxsql001",,,"AZ-GOV-PRD-MAA-WINFAX-VA","Microsoft.Sql/servers/databases","Microsoft.Sql/servers/databases",,"Microsoft.Azure.Management.ResourceManager.Models.Sku","System.Collections.Generic.Dictionary`2[System.String,System.String]","
Name         Value                     
===========  ==========================
Environment  PR                        
Portfolio    M&A                       
FISMAID      2bedetermined             
Application                            
ResourcePOC  Matthew.Lester@ice.dhs.gov
BillingCode                            
","3b0a673a-0dce-48c8-ae88-a276cce3c5e9",,,
"/subscriptions/3b0a673a-0dce-48c8-ae88-a276cce3c5e9/resourceGroups/AZ-GOV-PROD-EHR-VA/providers/Microsoft.Sql/servers/a1pprsqlehr070/databases/master","/subscriptions/3b0a673a-0dce-48c8-ae88-a276cce3c5e9/resourceGroups/AZ-GOV-PROD-EHR-VA/providers/Microsoft.Sql/servers/a1pprsqlehr070/databases/master",,"v12.0,system","usgovvirginia","/subscriptions/3b0a673a-0dce-48c8-ae88-a276cce3c5e9/resourceGroups/AZ-GOV-PROD-EHR-VA/providers/Microsoft.Sql/servers/a1pprsqlehr070","a1pprsqlehr070/master","a1pprsqlehr070/master",,"servers/a1pprsqlehr070",,,"AZ-GOV-PROD-EHR-VA","Microsoft.Sql/servers/databases","Microsoft.Sql/servers/databases",,"Microsoft.Azure.Management.ResourceManager.Models.Sku","System.Collections.Generic.Dictionary`2[System.String,System.String]","
Name         Value                       
===========  ============================
Environment  PR                          
Portfolio    ERO                         
BillingCode                              
BillingPOC   Stephanie.Maynor@ice.dhs.gov
Application                              
ResourcePOC  Stephanie.Maynor@ice.dhs.gov
FISMAID      ICE-05244-MAJ-05244         
","3b0a673a-0dce-48c8-ae88-a276cce3c5e9",,,
"/subscriptions/3b0a673a-0dce-48c8-ae88-a276cce3c5e9/resourceGroups/AZ-GOV-PROD-EHR-VA/providers/Microsoft.Sql/servers/a1pprsqlehr070/databases/SQL_RDDB_CIPS41","/subscriptions/3b0a673a-0dce-48c8-ae88-a276cce3c5e9/resourceGroups/AZ-GOV-PROD-EHR-VA/providers/Microsoft.Sql/servers/a1pprsqlehr070/databases/SQL_RDDB_CIPS41",,"v12.0,user,vcore","usgovvirginia",,"a1pprsqlehr070/SQL_RDDB_CIPS41","a1pprsqlehr070/SQL_RDDB_CIPS41",,"servers/a1pprsqlehr070",,,"AZ-GOV-PROD-EHR-VA","Microsoft.Sql/servers/databases","Microsoft.Sql/servers/databases",,"Microsoft.Azure.Management.ResourceManager.Models.Sku","System.Collections.Generic.Dictionary`2[System.String,System.String]","
Name         Value                       
===========  ============================
Environment  PR                          
Portfolio    ERO                         
BillingCode                              
BillingPOC   Stephanie.Maynor@ice.dhs.gov
Application                              
ResourcePOC  Stephanie.Maynor@ice.dhs.gov
FISMAID      ICE-05244-MAJ-05244         
","3b0a673a-0dce-48c8-ae88-a276cce3c5e9",,,
"/subscriptions/3b0a673a-0dce-48c8-ae88-a276cce3c5e9/resourceGroups/AZ-GOV-PROD-EHR-VA/providers/Microsoft.Sql/servers/a1pprsqlehr070/databases/SQL_RDDB_CIPS42","/subscriptions/3b0a673a-0dce-48c8-ae88-a276cce3c5e9/resourceGroups/AZ-GOV-PROD-EHR-VA/providers/Microsoft.Sql/servers/a1pprsqlehr070/databases/SQL_RDDB_CIPS42",,"v12.0,user,vcore","usgovvirginia",,"a1pprsqlehr070/SQL_RDDB_CIPS42","a1pprsqlehr070/SQL_RDDB_CIPS42",,"servers/a1pprsqlehr070",,,"AZ-GOV-PROD-EHR-VA","Microsoft.Sql/servers/databases","Microsoft.Sql/servers/databases",,"Microsoft.Azure.Management.ResourceManager.Models.Sku","System.Collections.Generic.Dictionary`2[System.String,System.String]","
Name         Value                       
===========  ============================
Environment  PR                          
Portfolio    ERO                         
BillingCode                              
BillingPOC   Stephanie.Maynor@ice.dhs.gov
Application                              
ResourcePOC  Stephanie.Maynor@ice.dhs.gov
FISMAID      ICE-05244-MAJ-05244         
","3b0a673a-0dce-48c8-ae88-a276cce3c5e9",,,
"/subscriptions/3b0a673a-0dce-48c8-ae88-a276cce3c5e9/resourceGroups/AZ-GOV-PROD-EHR-VA/providers/Microsoft.Sql/servers/a1pprsqlehr070/databases/SQL_RDDB_CT","/subscriptions/3b0a673a-0dce-48c8-ae88-a276cce3c5e9/resourceGroups/AZ-GOV-PROD-EHR-VA/providers/Microsoft.Sql/servers/a1pprsqlehr070/databases/SQL_RDDB_CT",,"v12.0,user,vcore","usgovvirginia",,"a1pprsqlehr070/SQL_RDDB_CT","a1pprsqlehr070/SQL_RDDB_CT",,"servers/a1pprsqlehr070",,,"AZ-GOV-PROD-EHR-VA","Microsoft.Sql/servers/databases","Microsoft.Sql/servers/databases",,"Microsoft.Azure.Management.ResourceManager.Models.Sku","System.Collections.Generic.Dictionary`2[System.String,System.String]","
Name          Value                       
============  ============================
Environment   PR                          
Portfolio     ERO                         
hostname      A1PPRSQLEHR070              
BillingPOC    Stephanie.Maynor@ice.dhs.gov
Application                               
ResourcePOC   Stephanie.Maynor@ice.dhs.gov
ResourceType  SQL Database                
BillingCode                               
FISMAID       ICE-05244-MAJ-05244         
","3b0a673a-0dce-48c8-ae88-a276cce3c5e9",,,
"/subscriptions/3b0a673a-0dce-48c8-ae88-a276cce3c5e9/resourceGroups/AZ-GOV-PROD-PCMS-VA/providers/Microsoft.Sql/servers/a1pprpcmssql001/databases/A1PPRPCMSDB","/subscriptions/3b0a673a-0dce-48c8-ae88-a276cce3c5e9/resourceGroups/AZ-GOV-PROD-PCMS-VA/providers/Microsoft.Sql/servers/a1pprpcmssql001/databases/A1PPRPCMSDB",,"v12.0,user","usgovvirginia",,"a1pprpcmssql001/A1PPRPCMSDB","a1pprpcmssql001/A1PPRPCMSDB",,"servers/a1pprpcmssql001",,,"AZ-GOV-PROD-PCMS-VA","Microsoft.Sql/servers/databases","Microsoft.Sql/servers/databases",,"Microsoft.Azure.Management.ResourceManager.Models.Sku","System.Collections.Generic.Dictionary`2[System.String,System.String]","
Name          Value                      
============  ===========================
Environment   PR                         
Portfolio     M&A                        
FISMAID       ICE-07897-MAJ-07897        
Application                              
ResourcePOC   Chris.M.Shelton@ice.dhs.gov
ResourceType  SQL Database               
BillingCode                              
","3b0a673a-0dce-48c8-ae88-a276cce3c5e9",,,
"/subscriptions/3b0a673a-0dce-48c8-ae88-a276cce3c5e9/resourceGroups/AZ-GOV-PROD-PCMS-VA/providers/Microsoft.Sql/servers/a1pprpcmssql001/databases/master","/subscriptions/3b0a673a-0dce-48c8-ae88-a276cce3c5e9/resourceGroups/AZ-GOV-PROD-PCMS-VA/providers/Microsoft.Sql/servers/a1pprpcmssql001/databases/master",,"v12.0,system","usgovvirginia","/subscriptions/3b0a673a-0dce-48c8-ae88-a276cce3c5e9/resourceGroups/AZ-GOV-PROD-PCMS-VA/providers/Microsoft.Sql/servers/a1pprpcmssql001","a1pprpcmssql001/master","a1pprpcmssql001/master",,"servers/a1pprpcmssql001",,,"AZ-GOV-PROD-PCMS-VA","Microsoft.Sql/servers/databases","Microsoft.Sql/servers/databases",,"Microsoft.Azure.Management.ResourceManager.Models.Sku","System.Collections.Generic.Dictionary`2[System.String,System.String]","
Name         Value                      
===========  ===========================
Environment  PR                         
Portfolio    M&A                        
FISMAID      ICE-07897-MAJ-07897        
Application                             
ResourcePOC  Chris.M.Shelton@ice.dhs.gov
BillingCode                             
","3b0a673a-0dce-48c8-ae88-a276cce3c5e9",,,
