{
  "Name": "AZ-GOV-ICE-VM-OPERATOR-ROLE-2",
  "Id": "5bd02470-c622-43ad-8f05-108e70825f87",
  "IsCustom": true,
  "Description": "Ability to deploy and configure VMs, Key Vaults, Storage Accounts, Load Balancers and disks with delete access",
  "Actions": [
    "Microsoft.Compute/images/read",
    "Microsoft.Compute/disks/*",
    "Microsoft.Compute/snapshots/*",
    "Microsoft.Compute/disks/beginGetAccess/action",
    "Microsoft.Compute/disks/endGetAccess/action",
    "*/read",
    "microsoft.resources/deployments/validate/action",
    "Microsoft.Compute/disks/write",
    "Microsoft.Authorization/*/read",
    "Microsoft.Compute/availabilitySets/*",
    "Microsoft.Compute/locations/*",
    "Microsoft.Compute/virtualMachines/*",
    "Microsoft.Compute/virtualMachineScaleSets/*",
    "Microsoft.Network/networkSecurityGroups/write",
    "Microsoft.Network/locations/*",
    "Microsoft.Network/networkInterfaces/*",
    "Microsoft.Network/networkSecurityGroups/join/action",
    "Microsoft.Network/networkSecurityGroups/read",
    "Microsoft.Compute/disks/Delete",
    "Microsoft.Network/virtualNetworks/read",
    "Microsoft.ResourceHealth/availabilityStatuses/read",
    "Microsoft.Resources/deployments/*",
    "Microsoft.Resources/subscriptions/resourceGroups/read",
    "Microsoft.Storage/storageAccounts/listKeys/action",
    "Microsoft.Storage/storageAccounts/write",
    "Microsoft.Network/virtualNetworks/subnets/join/action",
    "Microsoft.Network/networkSecurityGroups/write",
    "Microsoft.Network/networkSecurityGroups/securityRules/write",
    "Microsoft.Network/networkSecurityGroups/delete",
    "Microsoft.Network/networkSecurityGroups/securityRules/delete",
    "Microsoft.Storage/storageAccounts/delete",
    "Microsoft.Network/ApplicationGateways/backendhealth/action",
    "Microsoft.Network/networkWatchers/read",
    "Microsoft.Network/networkWatchers/write",
    "Microsoft.Network/networkWatchers/delete",
    "Microsoft.Storage/storageAccounts/blobServices/containers/delete",
    "Microsoft.Storage/storageAccounts/blobServices/containers/read",
    "Microsoft.Storage/storageAccounts/blobServices/containers/write",
    "Microsoft.Storage/storageAccounts/blobServices/generateUserDelegationKey/action",
    "Microsoft.Resources/subscriptions/resourceGroups/write",
    "Microsoft.Storage/storageAccounts/managementPolicies/write",
    "Microsoft.KeyVault/*",
    "Microsoft.Storage/storageAccounts/fileServices/write",
    "Microsoft.Storage/storageAccounts/fileServices/read",
    "Microsoft.Storage/storageAccounts/queueServices/queues/delete",
    "Microsoft.Storage/storageAccounts/queueServices/queues/read",
    "Microsoft.Storage/storageAccounts/queueServices/queues/write",
    "Microsoft.Authorization/locks/delete",
    "Microsoft.Authorization/locks/write",
    "Microsoft.Authorization/locks/read",
    "Microsoft.Network/loadBalancers/probes/join/action",
    "Microsoft.Network/loadBalancers/probes/read",
    "Microsoft.Network/loadBalancers/loadBalancingRules/read",
    "Microsoft.Network/loadBalancers/outboundRules/read",
    "Microsoft.Network/loadBalancers/inboundNatPools/join/action",
    "Microsoft.Network/loadBalancers/inboundNatRules/join/action",
    "Microsoft.Network/loadBalancers/inboundNatRules/delete",
    "Microsoft.Network/loadBalancers/inboundNatRules/write",
    "Microsoft.Network/loadBalancers/inboundNatRules/read",
    "Microsoft.Network/loadBalancers/backendAddressPools/join/action",
    "Microsoft.Network/loadBalancers/backendAddressPools/delete",
    "Microsoft.Network/loadBalancers/backendAddressPools/write",
    "Microsoft.Network/loadBalancers/backendAddressPools/read",
    "Microsoft.Network/loadBalancers/frontendIPConfigurations/join/action",
    "Microsoft.Network/loadBalancers/frontendIPConfigurations/read",
    "Microsoft.Network/loadBalancers/networkInterfaces/read",
    "Microsoft.Network/loadBalancers/virtualMachines/read",
    "Microsoft.Network/loadBalancers/delete",
    "Microsoft.Network/loadBalancers/inboundNatPools/read",
    "Microsoft.Network/loadBalancers/write",
    "Microsoft.Network/loadBalancers/read",
    "Microsoft.Network/networkInterfaces/loadBalancers/read",
    "Microsoft.Network/virtualNetworks/joinLoadBalancer/action",
    "Microsoft.Network/virtualNetworks/subnets/joinLoadBalancer/action",
    "Microsoft.Network/loadBalancers/backendAddressPools/backendPoolAddresses/read",
    "Microsoft.Network/applicationGateways/write",
    "Microsoft.Network/applicationGateways/delete",
    "Microsoft.Storage/storageAccounts/read",
    "Microsoft.Storage/storageAccounts/ListAccountSas/action",
    "microsoft.storage/storageaccounts/blobServices/write",
    "Microsoft.Storage/storageAccounts/fileservices/shares/write",
    "Microsoft.Storage/storageAccounts/fileservices/shares/delete",
    "Microsoft.Storage/storageAccounts/fileservices/shares/read",
    "Microsoft.Network/privateEndpoints/write",
    "Microsoft.Network/privateEndpoints/delete",
    "Microsoft.Storage/storageAccounts/privateEndpointConnections/delete",
    "Microsoft.Storage/storageAccounts/privateEndpointConnections/write",
    "Microsoft.Storage/storageAccounts/PrivateEndpointConnectionsApproval/action",
    "Microsoft.Storage/storageAccounts/fileServices/shares/delete",
    "Microsoft.Resources/deployments/write",
    "Microsoft.Insights/actiongroups/*",
    "Microsoft.Insights/DiagnosticSettings/*",
    "Microsoft.Resources/tags/*"
  ],
  "NotActions": [
    "Microsoft.Authorization/elevateAccess/Action",
    "Microsoft.Blueprint/blueprintAssignments/write",
    "Microsoft.Blueprint/blueprintAssignments/delete",
    "Microsoft.Network/virtualNetworks/subnets/write",
    "Microsoft.Network/virtualNetworks/write",
    "Microsoft.Network/virtualNetworks/delete",
    "Microsoft.Network/virtualNetworks/virtualNetworkPeerings/write",
    "Microsoft.Network/virtualNetworks/peer/action",
    "Microsoft.Network/virtualNetworks/virtualNetworkPeerings/read",
    "Microsoft.Network/virtualNetworks/virtualNetworkPeerings/delete",
    "Microsoft.Network/publicIPAddresses/join/action",
    "Microsoft.Billing/*/read",
    "Microsoft.Consumption/*",
    "Microsoft.CostManagement/*",
    "Microsoft.Support/*",
    "Microsoft.KeyVault/locations/deletedVaults/purge/action",
    "Microsoft.ClassicNetwork/virtualNetworks/peer/action",
    "Microsoft.Resources/tags/write",
    "Microsoft.Sql/servers/*",
    "Microsoft.Sql/servers/databases/*",
    "Microsoft.DBforPostgreSQL/servers/delete",
    "Microsoft.DBforPostgreSQL/servers/write",
    "Microsoft.DBforMySQL/servers/write",
    "Microsoft.DBforMySQL/servers/delete",
    "Microsoft.Sql/managedInstances/write",
    "Microsoft.Sql/managedInstances/delete"
  ],
  "DataActions": [
    "Microsoft.Storage/storageAccounts/blobServices/containers/blobs/delete",
    "Microsoft.Storage/storageAccounts/blobServices/containers/blobs/read",
    "Microsoft.Storage/storageAccounts/blobServices/containers/blobs/write",
    "Microsoft.Storage/storageAccounts/blobServices/containers/blobs/move/action",
    "Microsoft.Storage/storageAccounts/fileServices/fileshares/files/read",
    "Microsoft.Storage/storageAccounts/fileServices/fileshares/files/write",
    "Microsoft.Storage/storageAccounts/fileServices/fileshares/files/delete",
    "Microsoft.Storage/storageAccounts/fileServices/fileshares/files/modifypermissions/action",
    "Microsoft.Storage/storageAccounts/queueServices/queues/messages/delete",
    "Microsoft.Storage/storageAccounts/queueServices/queues/messages/read",
    "Microsoft.Storage/storageAccounts/queueServices/queues/messages/write",
    "Microsoft.Storage/storageAccounts/queueServices/queues/messages/process/action",
    "Microsoft.Storage/storageAccounts/queueServices/queues/messages/add/action"
  ],
  "NotDataActions": [],
  "AssignableScopes": [
    "/subscriptions/3b0a673a-0dce-48c8-ae88-a276cce3c5e9",
    "/subscriptions/29370e93-f039-4eb3-b858-7b3467603fc4",
    "/subscriptions/ef74d5c1-8907-4c79-b7da-eb6ff067c595",
    "/subscriptions/d7d50c98-d5ef-47cf-bf1d-357da7594692",
    "/subscriptions/9ef1a393-95a9-4d0b-acc1-f51b67a68e90",
    "/subscriptions/ac3b0126-0e76-4de6-9cf4-019eef6a28f8",
    "/subscriptions/73df759a-598a-451c-86f5-c12d90d9c5d4"
  ]
}
