{
    "alertname":"ASRTEST","IncludeSearchResults":false,
    "SearchResults":
        {
        "tables":[
                    {"name":"PrimaryResult","columns":
                        [
                        {"name":"$table","type":"string"},
                        {"name":"Id","type":"string"},
                        {"name":"TimeGenerated","type":"datetime"}
                        ],
                    "rows":
                        [
                            ["Fabrikam","33446677a","2018-02-02T15:03:12.18Z"],
                            ["Contoso","33445566b","2018-02-02T15:16:53.932Z"]
                        ]
                    }
                ]
        }
    }