[
  {
    "id": "/subscriptions/73df759a-598a-451c-86f5-c12d90d9c5d4/resourceGroups/Drew-Move-Test/providers/Microsoft.Resources/deployments/Microsoft.ApplicationGateway-20210407144916/operations/C2435D3BAD250236",
    "operationId": "C2435D3BAD250236",
    "properties": {
      "provisioningOperation": "Create",
      "provisioningState": "Running",
      "timestamp": "2021-04-07T19:45:15.662238Z",
      "duration": "PT1M25.1875257S",
      "trackingId": "49e51d2e-b7e2-4209-a444-35fbe7ffacb9",
      "serviceRequestId": "5ead0492-03f7-438e-948a-e1c699317ecf",
      "statusCode": "Created",
      "targetResource": {
        "id": "/subscriptions/73df759a-598a-451c-86f5-c12d90d9c5d4/resourceGroups/Drew-Move-Test/providers/Microsoft.Network/applicationGateways/AppGW-Drew-01",
        "resourceType": "Microsoft.Network/applicationGateways",
        "resourceName": "AppGW-Drew-01"
      }
    }
  },
  {
    "id": "/subscriptions/73df759a-598a-451c-86f5-c12d90d9c5d4/resourceGroups/Drew-Move-Test/providers/Microsoft.Resources/deployments/Microsoft.ApplicationGateway-20210407144916/operations/1CFFC25216296F0E",
    "operationId": "1CFFC25216296F0E",
    "properties": {
      "provisioningOperation": "Create",
      "provisioningState": "Succeeded",
      "timestamp": "2021-04-07T19:43:50.3743416Z",
      "duration": "PT4.0098186S",
      "trackingId": "bc0fe3db-c33c-4b5b-880c-7a562624f962",
      "serviceRequestId": "90eabd44-7a06-4991-877f-7cb7bebc14bf",
      "statusCode": "OK",
      "targetResource": {
        "id": "/subscriptions/73df759a-598a-451c-86f5-c12d90d9c5d4/resourceGroups/Drew-Move-Test/providers/Microsoft.Network/publicIPAddresses/DrewWillDelete",
        "resourceType": "Microsoft.Network/publicIPAddresses",
        "resourceName": "DrewWillDelete"
      }
    }
  }
]