{
  "id": "/subscriptions/73df759a-598a-451c-86f5-c12d90d9c5d4/resourceGroups/Drew-Move-Test/providers/Microsoft.Resources/deployments/Microsoft.ApplicationGateway-20210407144916",
  "name": "Microsoft.ApplicationGateway-20210407144916",
  "type": "Microsoft.Resources/deployments",
  "tags": {
    "marketplaceItemId": "Microsoft.ApplicationGateway-ARM"
  },
  "properties": {
    "templateHash": "4293810485197396456",
    "parameters": {
      "location": {
        "type": "String",
        "value": "usgovvirginia"
      },
      "applicationGatewayName": {
        "type": "String",
        "value": "AppGW-Drew-01"
      },
      "tier": {
        "type": "String",
        "value": "Standard"
      },
      "skuSize": {
        "type": "String",
        "value": "Standard_Medium"
      },
      "capacity": {
        "type": "Int",
        "value": 2
      },
      "subnetName": {
        "type": "String",
        "value": "subneta"
      },
      "zones": {
        "type": "Array",
        "value": []
      },
      "publicIpAddressName": {
        "type": "String",
        "value": "DrewWillDelete"
      },
      "sku": {
        "type": "String",
        "value": "Basic"
      },
      "allocationMethod": {
        "type": "String",
        "value": "Dynamic"
      },
      "publicIpZones": {
        "type": "Array",
        "value": []
      }
    },
    "mode": "Incremental",
    "debugSetting": {
      "detailLevel": "None"
    },
    "provisioningState": "Running",
    "timestamp": "2021-04-07T19:45:15.6290033Z",
    "duration": "PT1M30.3758438S",
    "correlationId": "29cd8f00-db33-41b4-b3bc-fa53c3bf1211",
    "providers": [
      {
        "namespace": "Microsoft.Network",
        "resourceTypes": [
          {
            "resourceType": "applicationGateways",
            "locations": [
              "usgovvirginia"
            ]
          },
          {
            "resourceType": "publicIPAddresses",
            "locations": [
              "usgovvirginia"
            ]
          }
        ]
      }
    ],
    "dependencies": [
      {
        "dependsOn": [
          {
            "id": "/subscriptions/73df759a-598a-451c-86f5-c12d90d9c5d4/resourceGroups/Drew-Move-Test/providers/Microsoft.Network/publicIPAddresses/DrewWillDelete",
            "resourceType": "Microsoft.Network/publicIPAddresses",
            "resourceName": "DrewWillDelete"
          }
        ],
        "id": "/subscriptions/73df759a-598a-451c-86f5-c12d90d9c5d4/resourceGroups/Drew-Move-Test/providers/Microsoft.Network/applicationGateways/AppGW-Drew-01",
        "resourceType": "Microsoft.Network/applicationGateways",
        "resourceName": "AppGW-Drew-01"
      }
    ],
    "validationLevel": "Template"
  }
}