{
  "$schema": "https://schema.management.azure.com/schemas/2019-04-01/deploymentParameters.json#",
  "contentVersion": "1.0.0.0",
  "parameters": {
    "AlertNamePrefix": {
      "value": "AVD-PENLINK"
    },
    "DistributionGroup": {
      "value": "drew.cornutt@associates.ice.dhs.gov"
    },
    "Environment": {
      "value": "p"
    },
    "Location": {
      "value": "usgovvirginia"
    },
    "UserResourceGroup": {
      "value": "AZ-GOV-PRD-HSI-PENLINK-VA"
    },
    "LogAnalyticsWorkspaceResourceId": {
      "value": "/subscriptions/3b0a673a-0dce-48c8-ae88-a276cce3c5e9/resourcegroups/az-gov-prd-hsi-penlink-va/providers/microsoft.operationalinsights/workspaces/azgovicehsiavdla01"
    },
    "SessionHostsResourceGroupIds": {
      "value": []
    },
    "StorageAccountResourceIds": {
      "value": null
    },
    "ANFVolumeResourceIds": {
      "value": null
    },
    "Tags": {
      "value": null
    }
  }
}
