"RGName","Owner"
"AZ-GOV-MGMT-ADEX-AZ","John.M.Truong@ice.dhs.gov"
"AZ-GOV-MGMT-ADEX-DR-VA","John.M.Truong@ice.dhs.gov"
"AZ-GOV-MGMT-ADEX-FUN-AZ",
"AZ-GOV-MGMT-ADEX-FUN-VA",
"AZ-GOV-MGMT-ADEX-VA","John.M.Truong@ice.dhs.gov"
"AZ-GOV-MGMT-BILLING-VA","Richard.P.Inzunza@ice.dhs.gov"
"AZ-GOV-MGMT-CDMT-DR-AZ","donald.t.ruehle@ice.dhs.gov"
"AZ-GOV-MGMT-CDMT-VA","donald.t.ruehle@ice.dhs.gov"
"AZ-GOV-MGMT-ENT-BES-DR-AZ","Martin.L.Boseck@ice.dhs.gov"
"AZ-GOV-MGMT-HSI-SEVPAMS-AZ","Ann.V.Balough@ice.dhs.gov"
"AZ-GOV-MGMT-HSI-SEVPAMS-DR-AZ","Ann.V.Balough@ice.dhs.gov"
"AZ-GOV-MGMT-HSI-SEVPAMS-VA","Ann.V.Balough@ice.dhs.gov"
"AZ-GOV-MGMT-IC-codtes-AZ",
"AZ-GOV-MGMT-IC-codtes-VA",
"AZ-GOV-MGMT-IC-TEST2-VA","Drew.Cornutt@associates.ice.dhs.gov"
"AZ-GOV-MGMT-IC-TEST3-VA","Richard.P.Inzunza@ice.dhs.gov"
"AZ-GOV-MGMT-IC-TEST4-AZ",
"AZ-GOV-MGMT-IC-TEST4-VA","Richard.P.Inzunza@ice.dhs.gov"
"AZ-GOV-MGMT-IC-TEST5-AZ","Richard.P.Inzunza@ice.dhs.gov"
"AZ-GOV-MGMT-IC-TEST5-VA","Richard.P.Inzunza@ice.dhs.gov"
"AZ-GOV-MGMT-IC-TEST6-AZ",
"AZ-GOV-MGMT-IC-TEST6-VA",
"AZ-GOV-MGMT-IC-TEST7-VA",
"AZ-GOV-MGMT-IC-TEST8-VA",
"AZ-GOV-MGMT-IC-TEST-AZ","Richard.P.Inzunza@ice.dhs.gov"
"AZ-GOV-MGMT-IC-TEST-DR-AZ","Richard.P.Inzunza@ice.dhs.gov"
"AZ-GOV-MGMT-IC-TEST-VA","Richard.P.Inzunza@ice.dhs.gov"
"AZ-GOV-MGMT-JENKINSBUILDNODE-AZ","Richard.P.Inzunza@ice.dhs.gov"
"AZ-GOV-MGMT-JENKINSBUILDNODE-VA","Richard.P.Inzunza@ice.dhs.gov"
"AZ-GOV-MGMT-LINUXIMAGE-VA",
"AZ-GOV-MGMT-NAC-VA","Brian.P.Wiss@ice.dhs.gov"
"AZ-GOV-MGMT-OPR-VA","seth.sewell@ice.dhs.gov"
"AZ-GOV-MGMT-OPS-PAM-AZ",
"AZ-GOV-MGMT-OPS-PAM-VA","Martin.L.Boseck@ice.dhs.gov"
"AZ-GOV-MGMT-SCCM-AZ","Murray.M.Christopher@ice.dhs.gov; John.M.Truong@ice.dhs.gov"
"AZ-GOV-MGMT-SCCM-DR-AZ","Murray.M.Christopher@ice.dhs.gov; John.M.Truong@ice.dhs.gov"
"AZ-GOV-MGMT-SCCM-VA","Murray.M.Christopher@ice.dhs.gov;John.M.Truong@ice.dhs.gov"
"AZ-GOV-MGMT-SCOM-AZ","John.M.Truong@ice.dhs.gov"
"AZ-GOV-MGMT-SCOM-DR-AZ","John.M.Truong@ice.dhs.gov"
"AZ-GOV-MGMT-SCOM-VA","John.M.Truong@ice.dhs.gov"
"AZ-GOV-MGMT-SNOW-DR-AZ","Mark.Gromadzki@ice.dhs.gov"
"AZ-GOV-MGMT-SNOW-VA","Mark.Gromadzki@ice.dhs.gov"
"AZ-GOV-MGMT-SOC-DR-AZ","Moroni.Williams@ice.dhs.gov"
"AZ-GOV-MGMT-SOC-VA","Moroni.Williams@ice.dhs.gov"
"AZ-GOV-MGMT-TAN-DR-AZ","donald.t.ruehle@ice.dhs.gov"
"AZ-GOV-MGMT-TAN-VA","donald.t.ruehle@ice.dhs.gov"
"AZ-GOV-MGMT-TICDMZPOC-VA"," John.P.Meehan@ice.dhs.gov"
"AZ-GOV-MGMT-TOOLS-AZ","Richard.P.Inzunza@ice.dhs.gov"
"AZ-GOV-MGMT-TOOLS-BES-AZ","Martin.L.Boseck@ice.dhs.gov"
"AZ-GOV-MGMT-TOOLS-BES-VA","Martin.L.Boseck@ice.dhs.gov"
"AZ-GOV-MGMT-TOOLS-DR-AZ","Richard.P.Inzunza@ice.dhs.gov"
"AZ-gov-mgmt-tools-VA","Richard.P.Inzunza@ice.dhs.gov"
"AZ-GOV-MGMT-TOOLS-VAULT-AZ","Richard.P.Inzunza@ice.dhs.gov"
"AZ-GOV-MGMT-ZSCALER-AZ",
"AZ-GOV-MGMT-ZSCALER-DR-AZ",
"AZ-GOV-MGMT-ZSCALER-VA","Richard.P.Inzunza@ice.dhs.gov"
"AZ-GOV-NP-BESD-2-VA","Martin.L.Boseck@ice.dhs.gov"
"AZ-GOV-NP-BESD-2-VA-asr","Martin.L.Boseck@ice.dhs.gov"
"AZ-GOV-NP-BESD-VA","Martin.L.Boseck@ice.dhs.gov"
"AZ-GOV-NP-FUNCTIONS-AZ","Richard.P.Inzunza@ice.dhs.gov"
"AZ-GOV-NP-FUNCTIONS-VA","Richard.P.Inzunza@ice.dhs.gov"
"AZ-GOV-NP-HSI-OPRPATS-VA",
"AZ-GOV-NP-MGMT-SCCM-VA","Murray.M.Christopher@ice.dhs.gov; John.M.Truong@ice.dhs.gov"
"AzureBackupRG_usgovarizona_1",
"AzureBackupRG_usgovvirginia_1",
"brownbag_jose",
"cloud-shell-storage-usgovvirginia",
"CSR-ICE-Transit-1"," John.P.Meehan@ice.dhs.gov"
"CSR-ICE-Transit-2"," John.P.Meehan@ice.dhs.gov"
"CSR-temp-VZ-NT-Transit",
"CSR-Transit-1"," John.P.Meehan@ice.dhs.gov"
"CSR-Transit-2"," John.P.Meehan@ice.dhs.gov"
"DefaultResourceGroup-USBN1",
"EQE-VPN-Transit-VA","John.P.Meehan@ice.dhs.gov"
"EQW-VPN-Transit-AZ","John.P.Meehan@ice.dhs.gov"
"ICE_Office365_ATT_VA",
"ICEATTNB_NonTIC_VA_Backup"," John.P.Meehan@ice.dhs.gov"
"ICETIC-Transit-EQX-VA","John.P.Meehan@ice.dhs.gov"
"ICEVzSCI",
"ICEVzSCI_NonTIC_AZ","John.P.Meehan@ice.dhs.gov"
"ICEVzSCI_TIC_AZ","John.P.Meehan@ice.dhs.gov"
"NetworkWatcherRG",
"NON-RTIC-Transit","John.P.Meehan@ice.dhs.gov"
"NON-RTIC-Transit-ATT","John.P.Meehan@ice.dhs.gov"
"Non-RTIC-Transit-AZ-VZ","John.P.Meehan@ice.dhs.gov"
"OCIO-Transit","John.P.Meehan@ice.dhs.gov"
"TIC-Transit-AZ-OneNet-ERDirect","John.P.Meehan@ice.dhs.gov"
"TIC-Transit-VA-OneNet-ERDirect",
"AZ-GOV-MGMT-ADEX-TIC-AZ","jayne.b.flannery@ice.dhs.gov"
"AZ-GOV-MGMT-ADEX-TIC-VA","jayne.b.flannery@ice.dhs.gov"
"AZ-GOV-NP-MGMT-ADFS-AZ","jayne.b.flannery@ice.dhs.gov"
"AZ-GOV-NP-MGMT-ADFS-VA","jayne.b.flannery@ice.dhs.gov"
"AZ-GOV-PR-HSI-CSS-AZ",
"AZ-GOV-PR-HSI-CSS-VA",
"AZ-GOV-PR-HSI-ENS-DR-AZ","richard.a.null@ice.dhs.gov"
"AZ-GOV-PR-HSI-ENS-VA","richard.a.null@ice.dhs.gov"
"AZ-GOV-PR-HSI-OPRPATS-AZ",
"AZ-GOV-PR-HSI-OPRPATS-VA",
"AZ-GOV-PR-MAA-VET-AZ",
"AZ-GOV-PR-MAA-VET-VA",
"AZ-GOV-PR-MAA-WINFAX-AZ",
"AZ-GOV-PR-MAA-WINFAX-DR-AZ",
"AZ-GOV-PR-MAA-WINFAX-VA",
"AZ-GOV-PRD-CMD-AZ","Gary.Caruso@ice.dhs.gov"
"AZ-GOV-PRD-CMD-VA","Gary.Caruso@ice.dhs.gov"
"AZ-GOV-PRD-ERO-AZ"," John.P.Meehan@ice.dhs.gov"
"AZ-GOV-PRD-ERO-DR-AZ"," John.P.Meehan@ice.dhs.gov"
"AZ-GOV-PRD-ERO-EHR-DR-AZ","Marilyn.C.Huza@ice.dhs.gov"
"AZ-GOV-PRD-ERO-IRS-VA"," John.P.Meehan@ice.dhs.gov"
"AZ-GOV-PRD-ERO-VA"," John.P.Meehan@ice.dhs.gov"
"AZ-GOV-PRD-FUNCTIONS-AZ","Richard.P.Inzunza@ice.dhs.gov"
"AZ-GOV-PRD-FUNCTIONS-VA","Richard.P.Inzunza@ice.dhs.gov"
"AZ-GOV-PRD-HSI-AZ"," John.P.Meehan@ice.dhs.gov"
"AZ-GOV-PRD-HSI-C3MS-AZ","brandon.s.andrathy@ice.dhs.gov"
"AZ-GOV-PRD-HSI-C3MS-VA","brandon.s.andrathy@ice.dhs.gov"
"AZ-GOV-PRD-HSI-DR-AZ"," John.P.Meehan@ice.dhs.gov"
"AZ-GOV-PRD-HSI-PENLINK-AZ",
"AZ-GOV-PRD-HSI-PENLINK-VA",
"AZ-GOV-PRD-HSI-SEVPAMS-AZ","Ann.V.Balough@ice.dhs.gov"
"AZ-GOV-PRD-HSI-SEVPAMS-DR-AZ","Ann.V.Balough@ice.dhs.gov"
"AZ-GOV-PRD-HSI-SEVPAMS-VA","Ann.V.Balough@ice.dhs.gov"
"AZ-GOV-PRD-HSI-TECHOPS-AZ","brandon.sorgenfrei@ice.dhs.gov"
"AZ-GOV-PRD-HSI-TECHOPS-VA","brandon.sorgenfrei@ice.dhs.gov"
"AZ-GOV-PRD-HSI-VA"," John.P.Meehan@ice.dhs.gov"
"AZ-GOV-PRD-ITFO-DB-VA","YaSin.Carmichael@ice.dhs.gov"
"AZ-GOV-PRD-ITFO-VA","YaSin.Carmichael@ice.dhs.gov"
"AZ-GOV-PRD-JENKINSBUILDNODE-AZ","Richard.P.Inzunza@ice.dhs.gov"
"AZ-GOV-PRD-JENKINSBUILDNODE-VA","Richard.P.Inzunza@ice.dhs.gov"
"AZ-GOV-PRD-MAA"," John.P.Meehan@ice.dhs.gov"
"AZ-GOV-PRD-MAA-AZ"," John.P.Meehan@ice.dhs.gov"
"AZ-GOV-PRD-MAA-BES-VA","Jerone.T.Moorer@ice.dhs.gov"
"AZ-GOV-PRD-MAA-BESDR-AZ","Jerone.T.Moorer@ice.dhs.gov"
"AZ-GOV-PRD-MAA-DR-AZ","Richard.P.Inzunza@ice.dhs.gov"
"AZ-GOV-PRD-MAA-ENT-BES-DR-AZ","Jerone.T.Moorer@ice.dhs.gov"
"AZ-GOV-PRD-MAA-ERPA-AZ",
"AZ-GOV-PRD-MAA-ERPA-VA","patrick.thomas@ice.dhs.gov"
"AZ-GOV-PRD-MAA-ICSS-AZ",
"AZ-GOV-PRD-MAA-ICSS-VA",
"AZ-GOV-PRD-MAA-NAC-AZ","Brian.P.Wiss@ice.dhs.gov"
"AZ-GOV-PRD-MAA-NAC-VA","Brian.P.Wiss@ice.dhs.gov"
"AZ-GOV-PRD-MAA-NOC-VA","Brian.P.Wiss@ice.dhs.gov"
"AZ-GOV-PRD-MAA-OCMS-AZ","Larry.J.Jackson@ice.dhs.gov"
"AZ-GOV-PRD-MAA-OCMS-DR-AZ","Larry.J.Jackson@ice.dhs.gov"
"AZ-GOV-PRD-MAA-OCMS-VA","Larry.J.Jackson@ice.dhs.gov"
"AZ-GOV-PRD-MAA-OCR-AZ",
"AZ-GOV-PRD-MAA-OCR-VA",
"AZ-GOV-PRD-MAA-PCMS-DR-AZ","Chris.M.Shelton@ice.dhs.gov"
"AZ-GOV-PRD-MAA-REL-DR-AZ","Manish.K.Sharma@ice.dhs.gov"
"AZ-GOV-PRD-MAA-RPA-AZ","Rodney.Gregory@ice.dhs.gov   "
"AZ-GOV-PRD-MAA-RPA-VA","Rodney.Gregory@ice.dhs.gov"
"AZ-GOV-PRD-MAA-SOC-AZ","Moroni.Williams@ice.dhs.gov"
"AZ-GOV-PRD-MAA-SOC-VA",
"AZ-GOV-PRD-MAA-SPGSS-VA","Chris.Lee@ice.dhs.gov"
"AZ-GOV-PRD-MAA-TABLEAU-AZ","Jason.Ott@ice.dhs.gov"
"AZ-GOV-PRD-MAA-TABLEAU-DR-AZ","Jason.Ott@ice.dhs.gov"
"AZ-GOV-PRD-MAA-TABLEAU-VA","Jason.Ott@ice.dhs.gov"
"AZ-GOV-PRD-MAA-UMP-VA",
"AZ-GOV-PRD-MAA-VA","Richard.P.Inzunza@ice.dhs.gov"
"AZ-GOV-PRD-MAA-VA-ICATT","Nicole.Larrain@ice.dhs.gov"
"AZ-GOV-PRD-MAA-VAULT-VA","Richard.P.Inzunza@ice.dhs.gov"
"AZ-GOV-PRD-MAA-WINFAX-DR-AZ","william.richard@associates.dhs.gov"
"AZ-GOV-PRD-MAA-WINFAX-VA","Matthew.Lester@ice.dhs.gov"
"AZ-GOV-PRD-OPR-VA","Shauna.K.Burnett@ice.dhs.gov"
"AZ-GOV-PRD-SCOM-VA","John.M.Truong@ice.dhs.gov"
"AZ-GOV-PRD-TIC-ADEX-AZ","John.M.Truong@ice.dhs.gov"
"AZ-GOV-PRD-TIC-AZ","Richard.P.Inzunza@ice.dhs.gov"
"AZ-GOV-PRD-TIC-DR-AZ","Richard.P.Inzunza@ice.dhs.gov"
"AZ-GOV-PRD-TIC-VA","Richard.P.Inzunza@ice.dhs.gov"
"AZ-GOV-PROD-ADEX-AZ","Jayne.B.Flannery@ice.dhs.gov"
"AZ-GOV-PROD-ADEX-DR-AZ","Jayne.B.Flannery@ice.dhs.gov"
"AZ-GOV-PROD-ADEX-VA","Jayne.B.Flannery@ice.dhs.gov"
"AZ-GOV-PROD-EHR-AZ",
"AZ-GOV-PROD-EHR-VA","Stephanie.Maynor@ice.dhs.gov"
"AZ-GOV-PROD-IC-codtes-AZ",
"AZ-GOV-PROD-IC-codtes-VA",
"AZ-GOV-PROD-IC-TEST1-VA","Richard.P.Inzunza@ice.dhs.gov"
"AZ-GOV-PROD-IC-TEST4-AZ",
"AZ-GOV-PROD-IC-TEST4-VA","Richard.P.Inzunza@ice.dhs.gov"
"AZ-GOV-PROD-IC-TEST6-AZ",
"AZ-GOV-PROD-IC-TEST6-VA",
"AZ-GOV-PROD-MGMT-ADFS-AZ","Jayne.B.Flannery@ice.dhs.gov"
"AZ-GOV-PROD-PCMS-VA","Chris.M.Shelton@ice.dhs.gov"
"AZ-GOV-PROD-REL-AZ","Manish.K.Sharma@ice.dhs.gov"
"AZ-GOV-PROD-REL-VA","William.G.Baker@ice.dhs.gov"
"AZ-GOV-PROD-TABLEAU-AZ","Jason.Ott@ice.dhs.gov"
"AZ-GOV-PROD-TABLEAU-VA","Jason.Ott@ice.dhs.gov"
"AZ-GOV-PROD-TECS-AZ",""
"AZ-GOV-PROD-TECS-VA",""
"AZ-GOV-PROD-TOOLS-BES-VA","Martin.L.Boseck@ice.dhs.gov"
"AzureBackupRG_usgovarizona_1",
"AzureBackupRG_usgovvirginia_1",
"NetworkWatcherRG",
"AZ-GOV-TRAINING-1-VA",
"AZ-GOV-TRAINING-2-VA",
"AZ-GOV-TRAINING-AZ",
"AZ-GOV-TRAINING-VA",
"cloud-shell-storage-usgovvirginia",
"DefaultResourceGroup-USBN1",
"NetworkWatcherRG",
"RG-1-VA",
"RG-2-AZ",
"RG-2-VA",
"AZ-GOV-NP-APM-AZ","William.G.Baker@ice.dhs.gov"
"AZ-GOV-NP-APM-VA","William.G.Baker@ice.dhs.gov"
"AZ-GOV-NP-MAA-AEB1-VA",
"AZ-GOV-NP-MAA-AEB2-VA",
"AZ-GOV-NP-MAA-AEB3-VA",
"AZ-GOV-NP-MAA-AEB4-VA",
"AZ-GOV-NP-MAA-AZ","Richard.P.Inzunza@ice.dhs.gov"
"AZ-GOV-NP-MAA-DEVTESTLAB-AZ","william.g.baker@ice.dhs.gov"
"AZ-GOV-NP-MAA-DEVTESTLAB-VA","william.g.baker@ice.dhs.gov"
"AZ-GOV-NP-MAA-ERPA-VA","patrick.thomas@ice.dhs.gov"
"AZ-GOV-NP-MAA-FUNCTIONS-AZ","Richard.P.Inzunza@ice.dhs.gov"
"AZ-GOV-NP-MAA-FUNCTIONS-VA","Richard.P.Inzunza@ice.dhs.gov"
"AZ-GOV-NP-MAA-ICSS-AZ",
"AZ-GOV-NP-MAA-ICSS-VA",
"AZ-GOV-NP-MAA-ICTEST1-AZ",
"AZ-GOV-NP-MAA-ICTEST1-VA",
"AZ-GOV-NP-MAA-JENKINSBUILDNODE-AZ","Richard.P.Inzunza@ice.dhs.gov"
"AZ-GOV-NP-MAA-JENKINSBUILDNODE-VA","Richard.P.Inzunza@ice.dhs.gov"
"AZ-GOV-NP-MAA-OCMS-AZ","Omar.Azero@ice.dhs.gov "
"AZ-GOV-NP-MAA-OCMS-VA","Omar.Azero@ice.dhs.gov "
"AZ-GOV-NP-MAA-OCR-AZ",
"AZ-GOV-NP-MAA-OCR-VA",
"AZ-GOV-NP-MAA-RPA-AZ","Rodney.Gregory@ice.dhs.gov   "
"AZ-GOV-NP-MAA-RPA-VA","Rodney.Gregory@ice.dhs.gov   "
"AZ-GOV-NP-MAA-SPGSS-VA","Chris.Lee@ice.dhs.gov"
"AZ-GOV-NP-MAA-TABLEAU-AZ","Jason.Ott@ice.dhs.gov"
"AZ-GOV-NP-MAA-TABLEAU-VA","Jason.Ott@ice.dhs.gov"
"AZ-GOV-NP-MAA-TFF-VA","Paige.M.Collier@ice.dhs.gov"
"AZ-GOV-NP-MAA-UEM-AZ",
"AZ-GOV-NP-MAA-UEM-VA",
"AZ-GOV-NP-MAA-UI-PATH-VA","patrick.thomas@ice.dhs.gov"
"AZ-GOV-NP-MAA-UMP-VA",
"AZ-GOV-NP-MAA-VA","Richard.P.Inzunza@ice.dhs.gov"
"AZ-GOV-NP-MAA-VA-ICATT","Nicole.Larrain@ice.dhs.gov"
"AZ-GOV-NP-MAA-VA-TABLEAU","Jason.Ott@ice.dhs.gov"
"AZ-GOV-NP-MAA-VET-AZ",
"AZ-GOV-NP-MAA-VET-VA",
"AZ-GOV-NP-MAA-WINFAX-AZ",
"AZ-GOV-NP-MAA-WINFAX-DR-AZ",
"AZ-GOV-NP-MAA-WINFAX-VA",
"AZ-GOV-NP-PCMS-VA","Chris.M.Shelton@ice.dhs.gov"
"AZ-GOV-NP-REL-AZ","Manish.K.Sharma@ice.dhs.gov"
"AZ-GOV-NP-REL-VA","Manish.K.Sharma@ice.dhs.gov"
"AZ-GOV-NP-SPT-VA","chris.lee@ice.dhs.gov"
"AZ-GOV-TRANSIT-VA",
"AzureBackupRG_usgovvirginia_1",
"CDMT_Test_VA","donald.t.ruehle@ice.dhs.gov"
"NetworkWatcherRG",
"synapseworkspace-managedrg-9057a584-d138-49e3-8c8c-3c91c8cfac27","Omar.Azero@ice.dhs.gov "
"AZ-FPS-PRD-RESOURCES-AZ",
"AZ-FPS-PRD-RESOURCES-VA",
"AZ-FPS-PROD-ARCHIVE",
"AZ-GOV-FPS-PROD-VAULT-1",
"AZ-GOV-FPS-TRANSIT-AZ",
"AZ-GOV-FPS-TRANSIT-VA",
"AZ-GOV-PR-FPSR-AZ",
"AZ-GOV-PR-FPSR-VA",
"AZ-GOV-PRD-FPS-AZ",
"AZ-GOV-PRD-FPS-DR-AZ",
"AZ-GOV-PRD-FPS-IMAGES-AZ",
"AZ-GOV-PRD-FPS-IMAGES-VA",
"AZ-GOV-PRD-FPS-VA",
"AZ-MEGA-CENTER-ALARM-PROD-RESOURCES-VA",
"AZ-MEGAN-PROD-RESOURCES-AZ",
"AZ-MEGAN-PROD-RESOURCES-VA",
"AZ-PTS-PROD-RESOURCES-AZ",
"AZ-PTS-PROD-RESOURCES-VA",
"AzureBackupRG_usgovvirginia_1",
"NetworkWatcherRG",
"AZ-GOV-TRN-FPS-IMAGES-VA",
"AZ-GOV-TRN-FPS-VA",
"AZ-PTS-TRN-RESOURCES-VA",
"AzureBackupRG_usgovvirginia_1",
"NetworkWatcherRG",
"ICE_Office365",
"AZ-GOV-NP-HSI-PENLINK-AZ",
"AZ-GOV-NP-HSI-PENLINK-VA",
"AZ-GOV-PROV-INFRA-OPS-FACET-VA","Moroni.Williams@ice.dhs.gov"
"AZ-GOV-PROV-INFRA-OPS-VA",
"AzureBackupRG_usgovvirginia_1",
"NetworkWatcherRG",
"AZ-GOV-NONPROD-HSI-OPRGUARD-AZ",
"AZ-GOV-NONPROD-HSI-OPRGUARD-VA",
"AZ-GOV-NP-HSI-AZ"," John.P.Meehan@ice.dhs.gov"
"AZ-GOV-NP-HSI-C3MS-AZ","brandon.s.andrathy@ice.dhs.gov"
"AZ-GOV-NP-HSI-C3MS-VA","brandon.s.andrathy@ice.dhs.gov"
"AZ-GOV-NP-HSI-CSS-AZ",
"AZ-GOV-NP-HSI-CSS-VA",
"AZ-GOV-NP-HSI-FUNCTIONS-AZ","Richard.P.Inzunza@ice.dhs.gov"
"AZ-GOV-NP-HSI-FUNCTIONS-VA","Richard.P.Inzunza@ice.dhs.gov"
"AZ-GOV-NP-HSI-HSTC-VA",
"AZ-GOV-NP-HSI-JENKINSBUILDNODE-AZ","Richard.P.Inzunza@ice.dhs.gov"
"AZ-GOV-NP-HSI-JENKINSBUILDNODE-VA","Richard.P.Inzunza@ice.dhs.gov"
"AZ-GOV-NP-HSI-OPRPATS-AZ",
"AZ-GOV-NP-HSI-PENLINK-AZ",
"AZ-GOV-NP-HSI-PENLINK-VA",
"AZ-GOV-NP-HSI-TECHOPS-AZ","brandon.sorgenfrei@ice.dhs.gov"
"AZ-GOV-NP-HSI-TECHOPS-VA","brandon.sorgenfrei@ice.dhs.gov"
"AZ-GOV-NP-HSI-TECS-AZ",
"AZ-GOV-NP-HSI-TECS-VA",
"AZ-GOV-NP-HSI-VA",
"AzureBackupRG_usgovvirginia_1",
"NetworkWatcherRG",
"cloud-shell-storage-usgovvirginia",
"ICEVzSCI",
"AZ-EIS-NPRD-RESOURCES-VA",
"AZ-FPS-SQLSERVERS",
"AZ-FPSDS-ResourceVA",
"AZ-GOV-FQ-FPSF-VA",
"AZ-GOV-NP-FPS-AZ",
"AZ-GOV-NP-FPS-IMAGES-AZ",
"AZ-GOV-NP-FPS-IMAGES-VA",
"AZ-GOV-NP-FPS-VA",
"AZ-GOV-NP-FPS-WIN2K19-VA",
"AZ-MEGA-CENTER-ALARM-NPROD-RESOURCES-VA",
"AZ-MEGAN-NPROD-RESOURCES-VA",
"AZ-MGMT-NPROD-RESOURCES-VA",
"AZ-PTS-NPROD-RESOURCES-VA",
"AZ-SHARES-NPROD-RESOURCES-VA",
"AZ-TAMS-NPROD-RESOURCES-VA",
"azgovnpfpsva2606-Migrated",
"AzureBackupRG_usgovvirginia_1",
"cloud-shell-storage-usgovvirginia",
"dashboards",
"DefaultResourceGroup-USGV",
"NetworkWatcherRG",
"AZ-GOV-NP-ERO-AZ","Richard.P.Inzunza@ice.dhs.gov"
"AZ-GOV-NP-ERO-CMD-AZ","Gary.Caruso@ice.dhs.gov"
"AZ-GOV-NP-ERO-CMD-VA","Gary.Caruso@ice.dhs.gov"
"AZ-GOV-NP-ERO-EHR-AZ","Stephanie.Maynor@ice.dhs.gov"
"AZ-GOV-NP-ERO-EHR-VA","Stephanie.Maynor@ice.dhs.gov"
"AZ-GOV-NP-ERO-FUNCTIONS-AZ","Richard.P.Inzunza@ice.dhs.gov"
"AZ-GOV-NP-ERO-FUNCTIONS-VA","Richard.P.Inzunza@ice.dhs.gov"
"AZ-GOV-NP-ERO-IRS-VA","Eric.E.Schultz@ice.dhs.gov"
"AZ-GOV-NP-ERO-JENKINSBUILDNODE-AZ","Richard.P.Inzunza@ice.dhs.gov"
"AZ-GOV-NP-ERO-JENKINSBUILDNODE-VA","Richard.P.Inzunza@ice.dhs.gov"
"AZ-GOV-NP-ERO-VA","Richard.P.Inzunza@ice.dhs.gov"
"AzureBackupRG_usgovvirginia_1",
"NetworkWatcherRG",
"synapseworkspace-managedrg-eb4aa8a3-8ad3-4e0c-bf2d-4300f4dc7c28","Gary.Caruso@ice.dhs.gov"
