{
  "$schema": "https://schema.management.azure.com/schemas/2019-04-01/deploymentParameters.json#",
  "contentVersion": "1.0.0.0",
  "parameters": {
    "AlertNamePrefix": {
      "value": "AVD-PENLINK"
    },
    "DistributionGroup": {
      "value": "drew.cornutt@associates.ice.dhs.gov"
    },
    "Environment": {
      "value": "p"
    },
    "Location": {
      "value": "usgovvirginia"
    },
    "UserResourceGroup": {
      "value": "AZ-GOV-PRD-HSI-PENLINK-VA"
    },
    "LogAnalyticsWorkspaceResourceId": {
      "value": "/subscriptions/3b0a673a-0dce-48c8-ae88-a276cce3c5e9/resourcegroups/az-gov-prd-hsi-penlink-va/providers/microsoft.operationalinsights/workspaces/azgovicehsiavdla01"
    },
    "SessionHostsResourceGroupIds": {
      "value": [
        "/subscriptions/3b0a673a-0dce-48c8-ae88-a276cce3c5e9/resourceGroups/AZ-GOV-PRD-HSI-PENLINK-VA"
    ]
    },
    "StorageAccountResourceIds": {
      "value": []
    },
    "ANFVolumeResourceIds": { 
      "value": [
        "/subscriptions/29370e93-f039-4eb3-b858-7b3467603fc4/resourceGroups/AZ-GOV-MGMT-ANF-VA/providers/Microsoft.NetApp/netAppAccounts/azgovprdhsiavdanf01/capacityPools/HSI-PENLINK-AVD-ANF01/volumes/FSLogix04"
      ]
    },
    "Tags": {
      "value": {}
    }
  }
}

