{
    "$schema": "https://schema.management.azure.com/schemas/2015-01-01/deploymentParameters.json#",
    "contentVersion": "1.0.0.0",
    "parameters": {
        "location": {
            "value": "usgovvirginia"
        },
        "networkInterfaceName": {
            "value": "a1iprpampam00119"
        },
        "networkSecurityGroupName": {
            "value": "A1IPRPAMPAM001-nsg"
        },
        "networkSecurityGroupRules": {
            "value": []
        },
        "subnetName": {
            "value": "AZ-GOV-NP-TOOLS-1a"
        },
        "virtualNetworkId": {
            "value": "/subscriptions/29370e93-f039-4eb3-b858-7b3467603fc4/resourceGroups/AZ-GOV-MGMT-TOOLS-VA/providers/Microsoft.Network/virtualNetworks/AZ-GOV-MGMT-TOOLS-VA"
        },
        "virtualMachineName": {
            "value": "A1IPRPAMPAM001"
        },
        "virtualMachineComputerName": {
            "value": "A1IPRPAMPAM001"
        },
        "virtualMachineRG": {
            "value": "AZ-GOV-MGMT-OPS-PAM-VA"
        },
        "virtualMachineSize": {
            "value": "Standard_D16ds_v4"
        }
    }
}