{
    "$schema": "https://schema.management.azure.com/schemas/2015-01-01/deploymentParameters.json#",
    "contentVersion": "1.0.0.0",
    "parameters": {
        "location": {
            "value": "usgovvirginia"
        },
        "networkInterfaceName": {
            "value": "a1iprpampam010112"
        },
        "networkSecurityGroupName": {
            "value": "A1IPRPAMPAM010-nsg"
        },
        "networkSecurityGroupRules": {
            "value": []
        },
        "subnetName": {
            "value": "AZ-GOV-PRD-TOOLS-1a"
        },
        "virtualNetworkId": {
            "value": "/subscriptions/29370e93-f039-4eb3-b858-7b3467603fc4/resourceGroups/AZ-GOV-MGMT-TOOLS-VA/providers/Microsoft.Network/virtualNetworks/AZ-GOV-MGMT-TOOLS-VA"
        },
        "virtualMachineName": {
            "value": "A1IPRPAMPAM010"
        },
        "virtualMachineComputerName": {
            "value": "A1IPRPAMPAM010"
        },
        "virtualMachineRG": {
            "value": "AZ-GOV-MGMT-OPS-PAM-VA"
        },
        "dataDisks": {
            "value": [
                {
                    "lun": 0,
                    "createOption": "attach",
                    "caching": "None",
                    "writeAcceleratorEnabled": false,
                    "id": "/subscriptions/29370e93-f039-4eb3-b858-7b3467603fc4/resourceGroups/AZ-GOV-MGMT-OPS-CAPAM-VA/providers/Microsoft.Compute/disks/A1IPRPAMPAM010_DataDisk_1",
                    "name": null,
                    "storageAccountType": null,
                    "diskSizeGB": null,
                    "diskEncryptionSet": null
                },
                {
                    "lun": 1,
                    "createOption": "attach",
                    "caching": "None",
                    "writeAcceleratorEnabled": false,
                    "id": "/subscriptions/29370e93-f039-4eb3-b858-7b3467603fc4/resourceGroups/AZ-GOV-MGMT-OPS-CAPAM-VA/providers/Microsoft.Compute/disks/A1IPRPAMPAM010_DataDisk_2",
                    "name": null,
                    "storageAccountType": null,
                    "diskSizeGB": null,
                    "diskEncryptionSet": null
                }
            ]
        },
        "virtualMachineSize": {
            "value": "Standard_D16ds_v4"
        }
    }
}