{
    "$schema": "https://schema.management.azure.com/schemas/2015-01-01/deploymentParameters.json#",
    "contentVersion": "1.0.0.0",
    "parameters": {
        "location": {
            "value": "usgovvirginia"
        },
        "networkInterfaceName": {
            "value": "testpam302"
        },
        "networkSecurityGroupName": {
            "value": "TESTPAM-nsg"
        },
        "networkSecurityGroupRules": {
            "value": []
        },
        "subnetName": {
            "value": "default"
        },
        "virtualNetworkId": {
            "value": "/subscriptions/73df759a-598a-451c-86f5-c12d90d9c5d4/resourceGroups/AZ-GOV-TRAINING-VA/providers/Microsoft.Network/virtualNetworks/testvavnet1"
        },
        "publicIpAddressName": {
            "value": "10.0.0.66"
        },
        "publicIpAddressType": {
            "value": "Static"
        },
        "publicIpAddressSku": {
            "value": "Basic"
        },
        "virtualMachineName": {
            "value": "TESTPAM"
        },
        "virtualMachineComputerName": {
            "value": "TESTPAM"
        },
        "virtualMachineRG": {
            "value": "AZ-GOV-TRAINING-1-VA"
        },
        "osDiskType": {
            "value": "Premium_LRS"
        },
        "virtualMachineSize": {
            "value": "Standard_D2s_v3"
        },
        "adminUsername": {
            "value": "madmen"
        },
        "adminPassword": {
            "value": null
        }
    }
}