{
    "$schema": "https://schema.management.azure.com/schemas/2015-01-01/deploymentParameters.json#",
    "contentVersion": "1.0.0.0",
    "parameters": {
        "location": {
            "value": "usgovvirginia"
        },
        "networkInterfaceName": {
            "value": "testpam302"
        },
        "networkSecurityGroupName": {
            "value": "TESTPAM-nsg"
        },
        "networkSecurityGroupRules": {
            "value": []
        },
        "subnetName": {
            "value": "default"
        },
              
        "virtualMachineName": {
            "value": "TESTPAM"
        },
        "virtualMachineComputerName": {
            "value": "TESTPAM"
        },
        "virtualMachineRG": {
            "value": "AZ-GOV-TRAINING-1-VA"
        },
        "osDiskType": {
            "value": "Premium_LRS"
        },
        "virtualMachineSize": {
            "value": "Standard_D2s_v3"
        },
        "adminUsername": {
            "value": "madmen"
        },
        "adminPassword": {
            "value": null
        }
    }
}


