{
  "Name": "AzureML Data Scientist",
  "Id": "f6c7c914-8db3-469d-8ca1-694a8f32e121",
  "IsCustom": false,
  "Description": "Can perform all actions within an Azure Machine Learning workspace, except for creating or deleting compute resources and modifying the workspace itself.",
  "Actions": [
    "Microsoft.MachineLearningServices/workspaces/*/read",
    "Microsoft.MachineLearningServices/workspaces/*/action",
    "Microsoft.MachineLearningServices/workspaces/*/delete",
    "Microsoft.MachineLearningServices/workspaces/*/write"
  ],
  "NotActions": [
    "Microsoft.MachineLearningServices/workspaces/delete",
    "Microsoft.MachineLearningServices/workspaces/write",
    "Microsoft.MachineLearningServices/workspaces/computes/*/write",
    "Microsoft.MachineLearningServices/workspaces/computes/*/delete",
    "Microsoft.MachineLearningServices/workspaces/computes/listKeys/action",
    "Microsoft.MachineLearningServices/workspaces/listKeys/action"
  ],
  "DataActions": [],
  "NotDataActions": [],
  "AssignableScopes": [
    "/"
  ]
}
