{
  "Name": "Backup Contributor",
  "Id": "5e467623-bb1f-42f4-a55d-6e525e11384b",
  "IsCustom": false,
  "Description": "Lets you manage backup service,but can't create vaults and give access to others",
  "Actions": [
    "Microsoft.Authorization/*/read",
    "Microsoft.Network/virtualNetworks/read",
    "Microsoft.RecoveryServices/locations/*",
    "Microsoft.RecoveryServices/Vaults/backupFabrics/operationResults/*",
    "Microsoft.RecoveryServices/Vaults/backupFabrics/protectionContainers/*",
    "Microsoft.RecoveryServices/Vaults/backupFabrics/refreshContainers/action",
    "Microsoft.RecoveryServices/Vaults/backupJobs/*",
    "Microsoft.RecoveryServices/Vaults/backupJobsExport/action",
    "Microsoft.RecoveryServices/Vaults/backupOperationResults/*",
    "Microsoft.RecoveryServices/Vaults/backupPolicies/*",
    "Microsoft.RecoveryServices/Vaults/backupProtectableItems/*",
    "Microsoft.RecoveryServices/Vaults/backupProtectedItems/*",
    "Microsoft.RecoveryServices/Vaults/backupProtectionContainers/*",
    "Microsoft.RecoveryServices/Vaults/backupSecurityPIN/*",
    "Microsoft.RecoveryServices/Vaults/backupUsageSummaries/read",
    "Microsoft.RecoveryServices/Vaults/certificates/*",
    "Microsoft.RecoveryServices/Vaults/extendedInformation/*",
    "Microsoft.RecoveryServices/Vaults/monitoringAlerts/read",
    "Microsoft.RecoveryServices/Vaults/monitoringConfigurations/*",
    "Microsoft.RecoveryServices/Vaults/read",
    "Microsoft.RecoveryServices/Vaults/registeredIdentities/*",
    "Microsoft.RecoveryServices/Vaults/usages/*",
    "Microsoft.Resources/deployments/*",
    "Microsoft.Resources/subscriptions/resourceGroups/read",
    "Microsoft.Storage/storageAccounts/read",
    "Microsoft.RecoveryServices/Vaults/backupstorageconfig/*",
    "Microsoft.RecoveryServices/Vaults/backupconfig/*",
    "Microsoft.RecoveryServices/Vaults/backupValidateOperation/action",
    "Microsoft.RecoveryServices/Vaults/write",
    "Microsoft.RecoveryServices/Vaults/backupOperations/read",
    "Microsoft.RecoveryServices/Vaults/backupEngines/read",
    "Microsoft.RecoveryServices/Vaults/backupFabrics/backupProtectionIntent/*",
    "Microsoft.RecoveryServices/Vaults/backupFabrics/protectableContainers/read",
    "Microsoft.RecoveryServices/locations/backupStatus/action",
    "Microsoft.RecoveryServices/locations/backupPreValidateProtection/action",
    "Microsoft.RecoveryServices/locations/backupValidateFeatures/action",
    "Microsoft.RecoveryServices/Vaults/monitoringAlerts/write",
    "Microsoft.RecoveryServices/operations/read",
    "Microsoft.RecoveryServices/locations/operationStatus/read",
    "Microsoft.RecoveryServices/Vaults/backupProtectionIntents/read",
    "Microsoft.Support/*",
    "Microsoft.DataProtection/locations/getBackupStatus/action",
    "Microsoft.DataProtection/backupVaults/backupInstances/write",
    "Microsoft.DataProtection/backupVaults/backupInstances/delete",
    "Microsoft.DataProtection/backupVaults/backupInstances/read",
    "Microsoft.DataProtection/backupVaults/backupInstances/backup/action",
    "Microsoft.DataProtection/backupVaults/backupInstances/validateRestore/action",
    "Microsoft.DataProtection/backupVaults/backupInstances/restore/action",
    "Microsoft.DataProtection/backupVaults/backupPolicies/write",
    "Microsoft.DataProtection/backupVaults/backupPolicies/delete",
    "Microsoft.DataProtection/backupVaults/backupPolicies/read",
    "Microsoft.DataProtection/backupVaults/backupInstances/recoveryPoints/read",
    "Microsoft.DataProtection/backupVaults/backupInstances/findRestorableTimeRanges/action",
    "Microsoft.DataProtection/backupVaults/write",
    "Microsoft.DataProtection/backupVaults/read",
    "Microsoft.DataProtection/backupVaults/operationResults/read",
    "Microsoft.DataProtection/locations/checkNameAvailability/action",
    "Microsoft.DataProtection/locations/operationStatus/read",
    "Microsoft.DataProtection/locations/operationResults/read",
    "Microsoft.DataProtection/backupVaults/validateForBackup/action",
    "Microsoft.DataProtection/operations/read",
    "Microsoft.DataProtection/backupVaults/deletedBackupInstances/read",
    "Microsoft.DataProtection/backupVaults/deletedBackupInstances/undelete/action",
    "Microsoft.DataProtection/backupVaults/operationStatus/read"
  ],
  "NotActions": [],
  "DataActions": [],
  "NotDataActions": [],
  "AssignableScopes": [
    "/"
  ]
}
