{
  "Name": "Monitoring Contributor",
  "Id": "749f88d5-cbae-40b8-bcfc-e573ddc772fa",
  "IsCustom": false,
  "Description": "Can read all monitoring data and update monitoring settings.",
  "Actions": [
    "*/read",
    "Microsoft.AlertsManagement/alerts/*",
    "Microsoft.AlertsManagement/alertsSummary/*",
    "Microsoft.Insights/actiongroups/*",
    "Microsoft.Insights/activityLogAlerts/*",
    "Microsoft.Insights/AlertRules/*",
    "Microsoft.Insights/components/*",
    "Microsoft.Insights/createNotifications/*",
    "Microsoft.Insights/dataCollectionEndpoints/*",
    "Microsoft.Insights/dataCollectionRules/*",
    "Microsoft.Insights/dataCollectionRuleAssociations/*",
    "Microsoft.Insights/DiagnosticSettings/*",
    "Microsoft.Insights/eventtypes/*",
    "Microsoft.Insights/LogDefinitions/*",
    "Microsoft.Insights/metricalerts/*",
    "Microsoft.Insights/MetricDefinitions/*",
    "Microsoft.Insights/Metrics/*",
    "Microsoft.Insights/notificationStatus/*",
    "Microsoft.Insights/Register/Action",
    "Microsoft.Insights/scheduledqueryrules/*",
    "Microsoft.Insights/webtests/*",
    "Microsoft.Insights/workbooks/*",
    "Microsoft.Insights/workbooktemplates/*",
    "Microsoft.Insights/privateLinkScopes/*",
    "Microsoft.Insights/privateLinkScopeOperationStatuses/*",
    "Microsoft.OperationalInsights/workspaces/write",
    "Microsoft.OperationalInsights/workspaces/intelligencepacks/*",
    "Microsoft.OperationalInsights/workspaces/savedSearches/*",
    "Microsoft.OperationalInsights/workspaces/search/action",
    "Microsoft.OperationalInsights/workspaces/sharedKeys/action",
    "Microsoft.OperationalInsights/workspaces/storageinsightconfigs/*",
    "Microsoft.Support/*",
    "Microsoft.WorkloadMonitor/monitors/*",
    "Microsoft.WorkloadMonitor/notificationSettings/*",
    "Microsoft.AlertsManagement/smartDetectorAlertRules/*",
    "Microsoft.AlertsManagement/actionRules/*",
    "Microsoft.AlertsManagement/smartGroups/*",
    "Microsoft.AlertsManagement/migrateFromSmartDetection/*"
  ],
  "NotActions": [],
  "DataActions": [],
  "NotDataActions": [],
  "AssignableScopes": [
    "/"
  ]
}
