{
  "Name": "Private DNS Zone Contributor",
  "Id": "b12aa53e-6015-4669-85d0-8515ebb3ae7f",
  "IsCustom": false,
  "Description": "Lets you manage private DNS zone resources, but not the virtual networks they are linked to.",
  "Actions": [
    "Microsoft.Insights/alertRules/*",
    "Microsoft.Resources/deployments/*",
    "Microsoft.Resources/subscriptions/resourceGroups/read",
    "Microsoft.Support/*",
    "Microsoft.Network/privateDnsZones/*",
    "Microsoft.Network/privateDnsOperationResults/*",
    "Microsoft.Network/privateDnsOperationStatuses/*",
    "Microsoft.Network/virtualNetworks/read",
    "Microsoft.Network/virtualNetworks/join/action",
    "Microsoft.Authorization/*/read"
  ],
  "NotActions": [],
  "DataActions": [],
  "NotDataActions": [],
  "AssignableScopes": [
    "/"
  ]
}
