{
  "Name": "Storage Blob Data Contributor",
  "Id": "ba92f5b4-2d11-453d-a403-e96b0029c9fe",
  "IsCustom": false,
  "Description": "Allows for read, write and delete access to Azure Storage blob containers and data",
  "Actions": [
    "Microsoft.Storage/storageAccounts/blobServices/containers/delete",
    "Microsoft.Storage/storageAccounts/blobServices/containers/read",
    "Microsoft.Storage/storageAccounts/blobServices/containers/write",
    "Microsoft.Storage/storageAccounts/blobServices/generateUserDelegationKey/action"
  ],
  "NotActions": [],
  "DataActions": [
    "Microsoft.Storage/storageAccounts/blobServices/containers/blobs/delete",
    "Microsoft.Storage/storageAccounts/blobServices/containers/blobs/read",
    "Microsoft.Storage/storageAccounts/blobServices/containers/blobs/move/action",
    "Microsoft.Storage/storageAccounts/blobServices/containers/blobs/write",
    "Microsoft.Storage/storageAccounts/blobServices/containers/blobs/add/action"
  ],
  "NotDataActions": [],
  "AssignableScopes": [
    "/"
  ]
}
