{
  "Name": "Storage Account Contributor",
  "Id": "17d1049b-9a84-46fb-8f53-869881c3d3ab",
  "IsCustom": false,
  "Description": "Lets you manage storage accounts, including accessing storage account keys which provide full access to storage account data.",
  "Actions": [
    "Microsoft.Authorization/*/read",
    "Microsoft.Insights/alertRules/*",
    "Microsoft.Insights/diagnosticSettings/*",
    "Microsoft.Network/virtualNetworks/subnets/joinViaServiceEndpoint/action",
    "Microsoft.ResourceHealth/availabilityStatuses/read",
    "Microsoft.Resources/deployments/*",
    "Microsoft.Resources/subscriptions/resourceGroups/read",
    "Microsoft.Storage/storageAccounts/*",
    "Microsoft.Support/*"
  ],
  "NotActions": [],
  "DataActions": [],
  "NotDataActions": [],
  "AssignableScopes": [
    "/"
  ]
}
