{
  "Name": "Virtual Machine Contributor",
  "Id": "9980e02c-c2be-4d73-94e8-173b1dc7cf3c",
  "IsCustom": false,
  "Description": "Lets you manage virtual machines, but not access to them, and not the virtual network or storage account they're connected to.",
  "Actions": [
    "Microsoft.Authorization/*/read",
    "Microsoft.Compute/availabilitySets/*",
    "Microsoft.Compute/locations/*",
    "Microsoft.Compute/virtualMachines/*",
    "Microsoft.Compute/virtualMachineScaleSets/*",
    "Microsoft.Compute/disks/write",
    "Microsoft.Compute/disks/read",
    "Microsoft.Compute/disks/delete",
    "Microsoft.DevTestLab/schedules/*",
    "Microsoft.Insights/alertRules/*",
    "Microsoft.Network/applicationGateways/backendAddressPools/join/action",
    "Microsoft.Network/loadBalancers/backendAddressPools/join/action",
    "Microsoft.Network/loadBalancers/inboundNatPools/join/action",
    "Microsoft.Network/loadBalancers/inboundNatRules/join/action",
    "Microsoft.Network/loadBalancers/probes/join/action",
    "Microsoft.Network/loadBalancers/read",
    "Microsoft.Network/locations/*",
    "Microsoft.Network/networkInterfaces/*",
    "Microsoft.Network/networkSecurityGroups/join/action",
    "Microsoft.Network/networkSecurityGroups/read",
    "Microsoft.Network/publicIPAddresses/join/action",
    "Microsoft.Network/publicIPAddresses/read",
    "Microsoft.Network/virtualNetworks/read",
    "Microsoft.Network/virtualNetworks/subnets/join/action",
    "Microsoft.RecoveryServices/locations/*",
    "Microsoft.RecoveryServices/Vaults/backupFabrics/backupProtectionIntent/write",
    "Microsoft.RecoveryServices/Vaults/backupFabrics/protectionContainers/protectedItems/*/read",
    "Microsoft.RecoveryServices/Vaults/backupFabrics/protectionContainers/protectedItems/read",
    "Microsoft.RecoveryServices/Vaults/backupFabrics/protectionContainers/protectedItems/write",
    "Microsoft.RecoveryServices/Vaults/backupPolicies/read",
    "Microsoft.RecoveryServices/Vaults/backupPolicies/write",
    "Microsoft.RecoveryServices/Vaults/read",
    "Microsoft.RecoveryServices/Vaults/usages/read",
    "Microsoft.RecoveryServices/Vaults/write",
    "Microsoft.ResourceHealth/availabilityStatuses/read",
    "Microsoft.Resources/deployments/*",
    "Microsoft.Resources/subscriptions/resourceGroups/read",
    "Microsoft.SqlVirtualMachine/*",
    "Microsoft.Storage/storageAccounts/listKeys/action",
    "Microsoft.Storage/storageAccounts/read",
    "Microsoft.Support/*",
    "Microsoft.SerialConsole/serialPorts/connect/action",
    "Microsoft.Compute/cloudServices/*"
  ],
  "NotActions": [],
  "DataActions": [],
  "NotDataActions": [],
  "AssignableScopes": [
    "/"
  ]
}
